FileName;Blob Name;Estado;Dias Passados;Interest;Laziness;Commitment
Screenshot_2024-03-04_15-45-17.png;Jader Reis;0;0;49,71517;53,46702;30,13528
Screenshot_2024-03-04_15-45-17.png;Lucas Alonso;0;0;40,374;77,81795;87,9423
Screenshot_2024-03-04_15-45-17.png;Miguel Sales;0;0;45,08964;75,69599;93,96443
Screenshot_2024-03-04_15-45-17.png;Pedro Lisboa;0;0;59,36449;37,44312;59,89167
Screenshot_2024-03-04_15-45-17.png;Charles Alonso;0;0;29,44762;65,4553;44,35676
Screenshot_2024-03-04_15-45-17.png;Miguel Reis;0;0;48,61929;22,29675;94,43497
Screenshot_2024-03-04_15-45-17.png;Gabriel Alonso;0;0;32,58018;46,32908;34,3654
Screenshot_2024-03-04_15-45-17.png;Daniel Leclerc;0;0;71,14668;85,35535;61,54396
Screenshot_2024-03-04_15-45-17.png;Benjamim Lisboa;0;0;47,69202;31,57913;13,3111
Screenshot_2024-03-04_15-45-17.png;Gabriel Oliveira;0;0;60,89185;52,54261;68,33407
Screenshot_2024-03-04_15-45-17.png;Carlos Torquato;0;0;41,7918;76,44363;82,35024
Screenshot_2024-03-04_15-45-17.png;Gustavo Torquato;0;0;54,54668;51,79644;12,37249
Screenshot_2024-03-04_15-45-17.png;Max Santos;0;0;57,01918;34,84321;58,17352
Screenshot_2024-03-04_15-45-17.png;Alexandre Sales;0;0;59,33936;80,49331;17,00698
Screenshot_2024-03-04_15-45-17.png;João Marcos;0;0;40,75595;78,26594;57,79039
Screenshot_2024-03-04_15-45-21.png;Jader Reis;0;0;49,71517;53,46702;30,13528
Screenshot_2024-03-04_15-45-21.png;Lucas Alonso;3;0;40,374;77,81795;87,9423
Screenshot_2024-03-04_15-45-21.png;Miguel Sales;2;0;45,08964;55,69599;93,96443
Screenshot_2024-03-04_15-45-21.png;Pedro Lisboa;0;0;59,36449;38,44312;59,89167
Screenshot_2024-03-04_15-45-21.png;Charles Alonso;0;0;29,44762;66,4553;44,35676
Screenshot_2024-03-04_15-45-21.png;Miguel Reis;0;0;48,61929;22,29675;94,43497
Screenshot_2024-03-04_15-45-21.png;Gabriel Alonso;5;0;32,58018;46,32908;34,3654
Screenshot_2024-03-04_15-45-21.png;Daniel Leclerc;1;0;71,14668;85,35535;61,54396
Screenshot_2024-03-04_15-45-21.png;Benjamim Lisboa;0;0;47,69202;31,57913;13,3111
Screenshot_2024-03-04_15-45-21.png;Gabriel Oliveira;1;0;60,89185;32,54261;68,33407
Screenshot_2024-03-04_15-45-21.png;Carlos Torquato;0;0;41,7918;76,44363;82,35024
Screenshot_2024-03-04_15-45-21.png;Gustavo Torquato;0;0;54,54668;51,79644;12,37249
Screenshot_2024-03-04_15-45-21.png;Max Santos;3;0;57,01918;14,84321;58,17352
Screenshot_2024-03-04_15-45-21.png;Alexandre Sales;0;0;59,33936;80,49331;17,00698
Screenshot_2024-03-04_15-45-21.png;João Marcos;2;0;40,75595;79,26594;57,79039
Screenshot_2024-03-04_15-45-24.png;Jader Reis;6;0;49,71517;53,46702;30,13528
Screenshot_2024-03-04_15-45-24.png;Lucas Alonso;0;0;40,374;78,81795;87,9423
Screenshot_2024-03-04_15-45-24.png;Miguel Sales;1;0;45,08964;36,69599;93,96443
Screenshot_2024-03-04_15-45-24.png;Pedro Lisboa;3;0;59,36449;38,44312;59,89167
Screenshot_2024-03-04_15-45-24.png;Charles Alonso;0;0;29,44762;66,4553;44,35676
Screenshot_2024-03-04_15-45-24.png;Miguel Reis;1;0;48,61929;2,296749;94,43497
Screenshot_2024-03-04_15-45-24.png;Gabriel Alonso;7;0;32,58018;47,32908;34,3654
Screenshot_2024-03-04_15-45-24.png;Daniel Leclerc;1;0;71,14668;66,35535;61,54396
Screenshot_2024-03-04_15-45-24.png;Benjamim Lisboa;0;0;47,69202;31,57913;13,3111
Screenshot_2024-03-04_15-45-24.png;Gabriel Oliveira;1;0;60,89185;-7,457386;68,33407
Screenshot_2024-03-04_15-45-24.png;Carlos Torquato;1;0;41,7918;36,44363;82,35024
Screenshot_2024-03-04_15-45-24.png;Gustavo Torquato;0;0;54,54668;51,79644;12,37249
Screenshot_2024-03-04_15-45-24.png;Max Santos;1;0;57,01918;-5,156792;58,17352
Screenshot_2024-03-04_15-45-24.png;Alexandre Sales;0;0;59,33936;80,49331;17,00698
Screenshot_2024-03-04_15-45-24.png;João Marcos;0;0;40,75595;79,26594;57,79039
Screenshot_2024-03-04_15-45-27.png;Jader Reis;3;0;49,71517;53,46702;30,13528
Screenshot_2024-03-04_15-45-27.png;Lucas Alonso;2;0;40,374;78,81795;87,9423
Screenshot_2024-03-04_15-45-27.png;Miguel Sales;3;0;45,08964;36,69599;93,96443
Screenshot_2024-03-04_15-45-27.png;Pedro Lisboa;1;0;59,36449;18,44312;59,89167
Screenshot_2024-03-04_15-45-27.png;Charles Alonso;5;0;29,44762;66,4553;44,35676
Screenshot_2024-03-04_15-45-27.png;Miguel Reis;7;0;48,61929;-17,70325;94,43497
Screenshot_2024-03-04_15-45-27.png;Gabriel Alonso;6;0;32,58018;47,32908;34,3654
Screenshot_2024-03-04_15-45-27.png;Daniel Leclerc;1;0;71,14668;26,35535;61,54396
Screenshot_2024-03-04_15-45-27.png;Benjamim Lisboa;0;0;47,69202;31,57913;13,3111
Screenshot_2024-03-04_15-45-27.png;Gabriel Oliveira;7;0;60,89185;12,54261;68,33407
Screenshot_2024-03-04_15-45-27.png;Carlos Torquato;1;0;41,7918;17,44363;82,35024
Screenshot_2024-03-04_15-45-27.png;Gustavo Torquato;0;0;54,54668;51,79644;12,37249
Screenshot_2024-03-04_15-45-27.png;Max Santos;1;0;57,01918;-4,156792;58,17352
Screenshot_2024-03-04_15-45-27.png;Alexandre Sales;6;0;59,33936;80,49331;17,00698
Screenshot_2024-03-04_15-45-27.png;João Marcos;3;0;40,75595;79,26594;57,79039
Screenshot_2024-03-04_15-45-31.png;Jader Reis;2;0;49,71517;33,46702;30,13528
Screenshot_2024-03-04_15-45-31.png;Lucas Alonso;1;0;40,374;58,81795;87,9423
Screenshot_2024-03-04_15-45-31.png;Miguel Sales;1;0;45,08964;17,69599;93,96443
Screenshot_2024-03-04_15-45-31.png;Pedro Lisboa;1;0;59,36449;-21,55688;59,89167
Screenshot_2024-03-04_15-45-31.png;Charles Alonso;8;0;29,44762;66,4553;44,35676
Screenshot_2024-03-04_15-45-31.png;Miguel Reis;7;0;48,61929;2,296749;94,43497
Screenshot_2024-03-04_15-45-31.png;Gabriel Alonso;1;0;32,58018;47,32908;34,3654
Screenshot_2024-03-04_15-45-31.png;Daniel Leclerc;1;0;71,14668;6,355347;61,54396
Screenshot_2024-03-04_15-45-31.png;Benjamim Lisboa;0;0;47,69202;31,57913;13,3111
Screenshot_2024-03-04_15-45-31.png;Gabriel Oliveira;5;0;60,89185;32,54261;68,33407
Screenshot_2024-03-04_15-45-31.png;Carlos Torquato;1;0;41,7918;18,44363;82,35024
Screenshot_2024-03-04_15-45-31.png;Gustavo Torquato;0;0;54,54668;51,79644;12,37249
Screenshot_2024-03-04_15-45-31.png;Max Santos;1;0;57,01918;-4,156792;58,17352
Screenshot_2024-03-04_15-45-31.png;Alexandre Sales;3;0;59,33936;80,49331;17,00698
Screenshot_2024-03-04_15-45-31.png;João Marcos;1;0;40,75595;59,26594;57,79039
Screenshot_2024-03-04_15-45-34.png;Jader Reis;2;0;49,71517;13,46702;30,13528
Screenshot_2024-03-04_15-45-34.png;Lucas Alonso;1;0;40,374;58,81795;87,9423
Screenshot_2024-03-04_15-45-34.png;Miguel Sales;1;0;45,08964;-2,304008;93,96443
Screenshot_2024-03-04_15-45-34.png;Pedro Lisboa;7;0;59,36449;-0,5568848;59,89167
Screenshot_2024-03-04_15-45-34.png;Charles Alonso;2;0;29,44762;46,4553;44,35676
Screenshot_2024-03-04_15-45-34.png;Miguel Reis;7;0;48,61929;22,29675;94,43497
Screenshot_2024-03-04_15-45-34.png;Gabriel Alonso;1;0;32,58018;27,32908;34,3654
Screenshot_2024-03-04_15-45-34.png;Daniel Leclerc;1;0;71,14668;6,355347;61,54396
Screenshot_2024-03-04_15-45-34.png;Benjamim Lisboa;0;0;47,69202;31,57913;13,3111
Screenshot_2024-03-04_15-45-34.png;Gabriel Oliveira;5;0;60,89185;32,54261;68,33407
Screenshot_2024-03-04_15-45-34.png;Carlos Torquato;1;0;41,7918;-1,556374;82,35024
Screenshot_2024-03-04_15-45-34.png;Gustavo Torquato;4;0;54,54668;52,79644;12,37249
Screenshot_2024-03-04_15-45-34.png;Max Santos;1;0;57,01918;-4,156792;58,17352
Screenshot_2024-03-04_15-45-34.png;Alexandre Sales;0;0;59,33936;80,49331;17,00698
Screenshot_2024-03-04_15-45-34.png;João Marcos;1;0;40,75595;40,26594;57,79039
Screenshot_2024-03-04_15-45-37.png;Jader Reis;1;0;49,71517;-6,532982;30,13528
Screenshot_2024-03-04_15-45-37.png;Lucas Alonso;1;0;40,374;39,81795;87,9423
Screenshot_2024-03-04_15-45-37.png;Miguel Sales;1;0;45,08964;-22,30401;93,96443
Screenshot_2024-03-04_15-45-37.png;Pedro Lisboa;7;0;59,36449;20,44312;59,89167
Screenshot_2024-03-04_15-45-37.png;Charles Alonso;0;0;29,44762;46,4553;44,35676
Screenshot_2024-03-04_15-45-37.png;Miguel Reis;7;0;48,61929;23,29675;94,43497
Screenshot_2024-03-04_15-45-37.png;Gabriel Alonso;3;0;32,58018;28,32908;34,3654
Screenshot_2024-03-04_15-45-37.png;Daniel Leclerc;1;0;71,14668;-13,64465;61,54396
Screenshot_2024-03-04_15-45-37.png;Benjamim Lisboa;6;0;47,69202;31,57913;13,3111
Screenshot_2024-03-04_15-45-37.png;Gabriel Oliveira;0;0;60,89185;32,54261;68,33407
Screenshot_2024-03-04_15-45-37.png;Carlos Torquato;7;0;41,7918;-20,55637;82,35024
Screenshot_2024-03-04_15-45-37.png;Gustavo Torquato;0;0;54,54668;52,79644;12,37249
Screenshot_2024-03-04_15-45-37.png;Max Santos;1;0;57,01918;-2,156792;58,17352
Screenshot_2024-03-04_15-45-37.png;Alexandre Sales;0;0;59,33936;80,49331;17,00698
Screenshot_2024-03-04_15-45-37.png;João Marcos;1;0;40,75595;20,26594;57,79039
Screenshot_2024-03-04_15-45-40.png;Tifon Fernandes;6;0;35,09355;85,26998;34,31627
Screenshot_2024-03-04_15-45-40.png;Benjamim Moreira;3;0;74,66423;67,93348;42,18198
Screenshot_2024-03-04_15-45-40.png;Nicolas Verstappen;0;0;64,00291;43,72239;69,77183
Screenshot_2024-03-04_15-45-40.png;Akira Alonso;0;0;46,22204;59,73816;31,89188
Screenshot_2024-03-04_15-45-40.png;Nicolas Amorim;0;0;37,517;48,16077;70,17269
Screenshot_2024-03-04_15-45-40.png;Alexandre Santos;5;0;34,56403;79,42049;35,13086
Screenshot_2024-03-04_15-45-40.png;Alexandre Santos;0;0;62,93329;62,02529;94,07228
Screenshot_2024-03-04_15-45-40.png;Enzo Alonso;0;0;43,62941;74,30793;74,42873
Screenshot_2024-03-04_15-45-40.png;Thales Rian;0;0;56,00869;49,77222;25,68248
Screenshot_2024-03-04_15-45-40.png;Samuel Rodrigues;0;0;29,55643;70,31418;49,39472
Screenshot_2024-03-04_15-45-40.png;Samuel Amorim;0;0;28,12429;63,95437;87,78452
Screenshot_2024-03-04_15-45-40.png;Miguel Riça;2;0;62,59721;54,15566;72,48057
Screenshot_2024-03-04_15-45-40.png;Pedro Oliveira;0;0;27,40726;51,33794;70,37641
Screenshot_2024-03-04_15-45-40.png;Benjamim Moreira;0;0;50,8723;23,18387;8,38213
Screenshot_2024-03-04_15-45-40.png;Raian Souza;0;0;79,51105;60,17124;30,90075
Screenshot_2024-03-04_15-45-43.png;Tifon Fernandes;2;0;35,09355;85,26998;34,31627
Screenshot_2024-03-04_15-45-43.png;Benjamim Moreira;0;0;74,66423;67,93348;42,18198
Screenshot_2024-03-04_15-45-43.png;Nicolas Verstappen;3;0;64,00291;44,72239;69,77183
Screenshot_2024-03-04_15-45-43.png;Akira Alonso;4;0;46,22204;59,73816;31,89188
Screenshot_2024-03-04_15-45-43.png;Nicolas Amorim;0;0;37,517;48,16077;70,17269
Screenshot_2024-03-04_15-45-43.png;Alexandre Santos;5;0;34,56403;79,42049;35,13086
Screenshot_2024-03-04_15-45-43.png;Alexandre Santos;3;0;62,93329;63,02529;94,07228
Screenshot_2024-03-04_15-45-43.png;Enzo Alonso;2;0;43,62941;74,30793;74,42873
Screenshot_2024-03-04_15-45-43.png;Thales Rian;0;0;56,00869;49,77222;25,68248
Screenshot_2024-03-04_15-45-43.png;Samuel Rodrigues;0;0;29,55643;70,31418;49,39472
Screenshot_2024-03-04_15-45-43.png;Samuel Amorim;0;0;28,12429;63,95437;87,78452
Screenshot_2024-03-04_15-45-43.png;Miguel Riça;1;0;62,59721;14,15566;72,48057
Screenshot_2024-03-04_15-45-43.png;Pedro Oliveira;0;0;27,40726;51,33794;70,37641
Screenshot_2024-03-04_15-45-43.png;Benjamim Moreira;0;0;50,8723;23,18387;8,38213
Screenshot_2024-03-04_15-45-43.png;Raian Souza;0;0;79,51105;60,17124;30,90075
Screenshot_2024-03-04_15-45-47.png;Tifon Fernandes;3;1;35,09355;85,26998;17,77515
Screenshot_2024-03-04_15-45-47.png;Benjamim Moreira;8;1;74,66423;67,93348;38,34426
Screenshot_2024-03-04_15-45-47.png;Nicolas Verstappen;1;1;64,00291;45,72239;62,52047
Screenshot_2024-03-04_15-45-47.png;Akira Alonso;7;1;46,22204;60,73816;43,94325
Screenshot_2024-03-04_15-45-47.png;Nicolas Amorim;1;1;37,517;29,16077;50,66202
Screenshot_2024-03-04_15-45-47.png;Alexandre Santos;7;1;34,56403;79,42049;60,22018
Screenshot_2024-03-04_15-45-47.png;Alexandre Santos;1;1;62,93329;64,02529;12,80449
Screenshot_2024-03-04_15-45-47.png;Enzo Alonso;1;1;43,62941;74,30793;76,50261
Screenshot_2024-03-04_15-45-47.png;Thales Rian;0;1;56,00869;49,77222;70,08895
Screenshot_2024-03-04_15-45-47.png;Samuel Rodrigues;1;1;29,55643;71,31418;21,0323
Screenshot_2024-03-04_15-45-47.png;Samuel Amorim;3;1;28,12429;43,95437;39,25096
Screenshot_2024-03-04_15-45-47.png;Miguel Riça;1;1;62,59721;16,15566;65,47254
Screenshot_2024-03-04_15-45-47.png;Pedro Oliveira;3;1;27,40726;51,33794;25,54364
Screenshot_2024-03-04_15-45-47.png;Benjamim Moreira;0;1;50,8723;23,18387;26,77457
Screenshot_2024-03-04_15-45-47.png;Raian Souza;0;1;79,51105;60,17124;37,98067
Screenshot_2024-03-04_15-45-50.png;Tifon Fernandes;0;2;35,09355;85,26998;65,55502
Screenshot_2024-03-04_15-45-50.png;Benjamim Moreira;1;2;74,66423;67,93348;87,16914
Screenshot_2024-03-04_15-45-50.png;Nicolas Verstappen;3;2;64,00291;45,72239;59,99688
Screenshot_2024-03-04_15-45-50.png;Akira Alonso;0;2;46,22204;60,73816;72,63523
Screenshot_2024-03-04_15-45-50.png;Nicolas Amorim;6;2;37,517;29,16077;27,63991
Screenshot_2024-03-04_15-45-50.png;Alexandre Santos;0;2;34,56403;79,42049;48,15813
Screenshot_2024-03-04_15-45-50.png;Alexandre Santos;0;2;62,93329;44,02529;29,89473
Screenshot_2024-03-04_15-45-50.png;Enzo Alonso;0;2;43,62941;74,30793;34,78611
Screenshot_2024-03-04_15-45-50.png;Thales Rian;3;2;56,00869;49,77222;65,0543
Screenshot_2024-03-04_15-45-50.png;Samuel Rodrigues;0;2;29,55643;71,31418;74,02837
Screenshot_2024-03-04_15-45-50.png;Samuel Amorim;6;2;28,12429;43,95437;41,83886
Screenshot_2024-03-04_15-45-50.png;Miguel Riça;1;2;62,59721;16,15566;80,35041
Screenshot_2024-03-04_15-45-50.png;Pedro Oliveira;8;2;27,40726;51,33794;17,72807
Screenshot_2024-03-04_15-45-50.png;Benjamim Moreira;0;2;50,8723;23,18387;61,15709
Screenshot_2024-03-04_15-45-50.png;Raian Souza;3;2;79,51105;60,17124;12,563
Screenshot_2024-03-04_15-45-53.png;Tifon Fernandes;0;2;35,09355;85,26998;65,55502
Screenshot_2024-03-04_15-45-53.png;Benjamim Moreira;1;2;74,66423;69,93348;87,16914
Screenshot_2024-03-04_15-45-53.png;Nicolas Verstappen;1;2;64,00291;5,722393;59,99688
Screenshot_2024-03-04_15-45-53.png;Akira Alonso;0;2;46,22204;60,73816;72,63523
Screenshot_2024-03-04_15-45-53.png;Nicolas Amorim;5;2;37,517;49,16077;27,63991
Screenshot_2024-03-04_15-45-53.png;Alexandre Santos;2;2;34,56403;80,42049;48,15813
Screenshot_2024-03-04_15-45-53.png;Alexandre Santos;0;2;62,93329;44,02529;29,89473
Screenshot_2024-03-04_15-45-53.png;Enzo Alonso;0;2;43,62941;75,30793;34,78611
Screenshot_2024-03-04_15-45-53.png;Thales Rian;1;2;56,00869;50,77222;65,0543
Screenshot_2024-03-04_15-45-53.png;Samuel Rodrigues;0;2;29,55643;71,31418;74,02837
Screenshot_2024-03-04_15-45-53.png;Samuel Amorim;2;2;28,12429;23,95437;41,83886
Screenshot_2024-03-04_15-45-53.png;Miguel Riça;3;2;62,59721;17,15566;80,35041
Screenshot_2024-03-04_15-45-53.png;Pedro Oliveira;6;2;27,40726;51,33794;17,72807
Screenshot_2024-03-04_15-45-53.png;Benjamim Moreira;1;2;50,8723;24,18387;61,15709
Screenshot_2024-03-04_15-45-53.png;Raian Souza;3;2;79,51105;60,17124;12,563
Screenshot_2024-03-04_15-45-56.png;Tifon Fernandes;1;2;35,09355;65,26998;65,55502
Screenshot_2024-03-04_15-45-56.png;Benjamim Moreira;1;2;74,66423;69,93348;87,16914
Screenshot_2024-03-04_15-45-56.png;Nicolas Verstappen;1;2;64,00291;-14,27761;59,99688
Screenshot_2024-03-04_15-45-56.png;Akira Alonso;1;2;46,22204;41,73816;72,63523
Screenshot_2024-03-04_15-45-56.png;Nicolas Amorim;8;2;37,517;49,16077;27,63991
Screenshot_2024-03-04_15-45-56.png;Alexandre Santos;0;2;34,56403;80,42049;48,15813
Screenshot_2024-03-04_15-45-56.png;Alexandre Santos;0;2;62,93329;44,02529;29,89473
Screenshot_2024-03-04_15-45-56.png;Enzo Alonso;0;2;43,62941;75,30793;34,78611
Screenshot_2024-03-04_15-45-56.png;Thales Rian;0;2;56,00869;51,77222;65,0543
Screenshot_2024-03-04_15-45-56.png;Samuel Rodrigues;1;2;29,55643;72,31418;74,02837
Screenshot_2024-03-04_15-45-56.png;Samuel Amorim;2;2;28,12429;24,95437;41,83886
Screenshot_2024-03-04_15-45-56.png;Miguel Riça;1;2;62,59721;-2,844341;80,35041
Screenshot_2024-03-04_15-45-56.png;Pedro Oliveira;3;2;27,40726;51,33794;17,72807
Screenshot_2024-03-04_15-45-56.png;Benjamim Moreira;3;2;50,8723;24,18387;61,15709
Screenshot_2024-03-04_15-45-56.png;Raian Souza;0;2;79,51105;40,17124;12,563
Screenshot_2024-03-04_15-45-59.png;Tifon Fernandes;1;2;35,09355;25,26998;65,55502
Screenshot_2024-03-04_15-45-59.png;Benjamim Moreira;1;2;74,66423;69,93348;87,16914
Screenshot_2024-03-04_15-45-59.png;Nicolas Verstappen;7;2;64,00291;5,722393;59,99688
Screenshot_2024-03-04_15-45-59.png;Akira Alonso;1;2;46,22204;42,73816;72,63523
Screenshot_2024-03-04_15-45-59.png;Nicolas Amorim;0;2;37,517;50,16077;27,63991
Screenshot_2024-03-04_15-45-59.png;Alexandre Santos;3;2;34,56403;80,42049;48,15813
Screenshot_2024-03-04_15-45-59.png;Alexandre Santos;8;2;62,93329;64,02529;29,89473
Screenshot_2024-03-04_15-45-59.png;Enzo Alonso;6;2;43,62941;75,30793;34,78611
Screenshot_2024-03-04_15-45-59.png;Thales Rian;2;2;56,00869;31,77222;65,0543
Screenshot_2024-03-04_15-45-59.png;Samuel Rodrigues;1;2;29,55643;52,31418;74,02837
Screenshot_2024-03-04_15-45-59.png;Samuel Amorim;1;2;28,12429;24,95437;41,83886
Screenshot_2024-03-04_15-45-59.png;Miguel Riça;1;2;62,59721;-1,844341;80,35041
Screenshot_2024-03-04_15-45-59.png;Pedro Oliveira;3;2;27,40726;51,33794;17,72807
Screenshot_2024-03-04_15-45-59.png;Benjamim Moreira;1;2;50,8723;4,183868;61,15709
Screenshot_2024-03-04_15-45-59.png;Raian Souza;0;2;79,51105;40,17124;12,563
Screenshot_2024-03-04_15-46-03.png;Tifon Fernandes;1;2;35,09355;27,26998;65,55502
Screenshot_2024-03-04_15-46-03.png;Benjamim Moreira;1;2;74,66423;71,93348;87,16914
Screenshot_2024-03-04_15-46-03.png;Nicolas Verstappen;7;2;64,00291;6,722393;59,99688
Screenshot_2024-03-04_15-46-03.png;Akira Alonso;1;2;46,22204;22,73816;72,63523
Screenshot_2024-03-04_15-46-03.png;Nicolas Amorim;0;2;37,517;50,16077;27,63991
Screenshot_2024-03-04_15-46-03.png;Alexandre Santos;1;2;34,56403;61,42049;48,15813
Screenshot_2024-03-04_15-46-03.png;Alexandre Santos;8;2;62,93329;64,02529;29,89473
Screenshot_2024-03-04_15-46-03.png;Enzo Alonso;6;2;43,62941;75,30793;34,78611
Screenshot_2024-03-04_15-46-03.png;Thales Rian;1;2;56,00869;12,77222;65,0543
Screenshot_2024-03-04_15-46-03.png;Samuel Rodrigues;1;2;29,55643;12,31418;74,02837
Screenshot_2024-03-04_15-46-03.png;Samuel Amorim;1;2;28,12429;-15,04563;41,83886
Screenshot_2024-03-04_15-46-03.png;Miguel Riça;1;2;62,59721;-0,8443413;80,35041
Screenshot_2024-03-04_15-46-03.png;Pedro Oliveira;2;2;27,40726;51,33794;17,72807
Screenshot_2024-03-04_15-46-03.png;Benjamim Moreira;7;2;50,8723;-14,81613;61,15709
Screenshot_2024-03-04_15-46-03.png;Raian Souza;0;2;79,51105;40,17124;12,563
Screenshot_2024-03-04_15-46-06.png;Lucas Moreira;1;0;76,89978;64,31463;62,55756
Screenshot_2024-03-04_15-46-06.png;Noah Moreira;8;0;28,92479;67,40714;18,92477
Screenshot_2024-03-04_15-46-06.png;Raian Marcos;0;0;42,49077;83,10258;84,26425
Screenshot_2024-03-04_15-46-06.png;Max Leclerc;0;0;44,59457;66,1414;56,00953
Screenshot_2024-03-04_15-46-06.png;Nicolas Riça;2;0;66,8779;74,59863;46,98407
Screenshot_2024-03-04_15-46-06.png;Pedro Reis;2;0;71,44402;62,85041;31,05814
Screenshot_2024-03-04_15-46-06.png;Thales Bonaviga;2;0;58,6809;57,42296;69,88042
Screenshot_2024-03-04_15-46-06.png;Akira Riça;0;0;34,25249;88,05554;75,69315
Screenshot_2024-03-04_15-46-06.png;Daniel Louis;3;0;63,60152;25,06229;36,5028
Screenshot_2024-03-04_15-46-06.png;Akira Gojo;0;0;54,73528;36,18801;14,62615
Screenshot_2024-03-04_15-46-06.png;Benjamim Bonaviga;6;0;35,17995;78,10995;32,47555
Screenshot_2024-03-04_15-46-06.png;Benjamim Rian;0;0;38,66755;28,89328;6,169999
Screenshot_2024-03-04_15-46-06.png;Caio Louis;0;0;46,65262;47,83022;76,45387
Screenshot_2024-03-04_15-46-06.png;Alexandre Gonçalves;4;0;34,85526;75,85525;43,26425
Screenshot_2024-03-04_15-46-06.png;Lucca Gonçalves;0;0;74,66266;54,15665;36,91657
Screenshot_2024-03-04_15-46-09.png;Lucas Moreira;1;0;76,89978;64,31463;62,55756
Screenshot_2024-03-04_15-46-09.png;Noah Moreira;7;0;28,92479;68,40714;18,92477
Screenshot_2024-03-04_15-46-09.png;Raian Marcos;2;0;42,49077;84,10258;84,26425
Screenshot_2024-03-04_15-46-09.png;Max Leclerc;3;0;44,59457;66,1414;56,00953
Screenshot_2024-03-04_15-46-09.png;Nicolas Riça;0;0;66,8779;74,59863;46,98407
Screenshot_2024-03-04_15-46-09.png;Pedro Reis;0;0;71,44402;62,85041;31,05814
Screenshot_2024-03-04_15-46-09.png;Thales Bonaviga;1;0;58,6809;57,42296;69,88042
Screenshot_2024-03-04_15-46-09.png;Akira Riça;3;0;34,25249;88,05554;75,69315
Screenshot_2024-03-04_15-46-09.png;Daniel Louis;0;0;63,60152;25,06229;36,5028
Screenshot_2024-03-04_15-46-09.png;Akira Gojo;0;0;54,73528;36,18801;14,62615
Screenshot_2024-03-04_15-46-09.png;Benjamim Bonaviga;5;0;35,17995;78,10995;32,47555
Screenshot_2024-03-04_15-46-09.png;Benjamim Rian;0;0;38,66755;28,89328;6,169999
Screenshot_2024-03-04_15-46-09.png;Caio Louis;2;0;46,65262;7,830223;76,45387
Screenshot_2024-03-04_15-46-09.png;Alexandre Gonçalves;5;0;34,85526;75,85525;43,26425
Screenshot_2024-03-04_15-46-09.png;Lucca Gonçalves;0;0;74,66266;54,15665;36,91657
Screenshot_2024-03-04_15-46-12.png;Lucas Moreira;1;0;76,89978;45,31463;62,55756
Screenshot_2024-03-04_15-46-12.png;Noah Moreira;5;0;28,92479;68,40714;18,92477
Screenshot_2024-03-04_15-46-12.png;Raian Marcos;3;0;42,49077;84,10258;84,26425
Screenshot_2024-03-04_15-46-12.png;Max Leclerc;2;0;44,59457;67,1414;56,00953
Screenshot_2024-03-04_15-46-12.png;Nicolas Riça;1;0;66,8779;54,59863;46,98407
Screenshot_2024-03-04_15-46-12.png;Pedro Reis;6;0;71,44402;62,85041;31,05814
Screenshot_2024-03-04_15-46-12.png;Thales Bonaviga;1;0;58,6809;37,42296;69,88042
Screenshot_2024-03-04_15-46-12.png;Akira Riça;0;0;34,25249;89,05554;75,69315
Screenshot_2024-03-04_15-46-12.png;Daniel Louis;0;0;63,60152;25,06229;36,5028
Screenshot_2024-03-04_15-46-12.png;Akira Gojo;0;0;54,73528;36,18801;14,62615
Screenshot_2024-03-04_15-46-12.png;Benjamim Bonaviga;7;0;35,17995;78,10995;32,47555
Screenshot_2024-03-04_15-46-12.png;Benjamim Rian;0;0;38,66755;28,89328;6,169999
Screenshot_2024-03-04_15-46-12.png;Caio Louis;1;0;46,65262;-12,16978;76,45387
Screenshot_2024-03-04_15-46-12.png;Alexandre Gonçalves;4;0;34,85526;76,85525;43,26425
Screenshot_2024-03-04_15-46-12.png;Lucca Gonçalves;6;0;74,66266;54,15665;36,91657
Screenshot_2024-03-04_15-46-16.png;Lucas Moreira;1;0;76,89978;26,31463;62,55756
Screenshot_2024-03-04_15-46-16.png;Noah Moreira;8;0;28,92479;68,40714;18,92477
Screenshot_2024-03-04_15-46-16.png;Raian Marcos;1;0;42,49077;84,10258;84,26425
Screenshot_2024-03-04_15-46-16.png;Max Leclerc;1;0;44,59457;47,1414;56,00953
Screenshot_2024-03-04_15-46-16.png;Nicolas Riça;1;0;66,8779;55,59863;46,98407
Screenshot_2024-03-04_15-46-16.png;Pedro Reis;8;0;71,44402;62,85041;31,05814
Screenshot_2024-03-04_15-46-16.png;Thales Bonaviga;1;0;58,6809;39,42296;69,88042
Screenshot_2024-03-04_15-46-16.png;Akira Riça;1;0;34,25249;90,05554;75,69315
Screenshot_2024-03-04_15-46-16.png;Daniel Louis;0;0;63,60152;25,06229;36,5028
Screenshot_2024-03-04_15-46-16.png;Akira Gojo;0;0;54,73528;36,18801;14,62615
Screenshot_2024-03-04_15-46-16.png;Benjamim Bonaviga;7;0;35,17995;78,10995;32,47555
Screenshot_2024-03-04_15-46-16.png;Benjamim Rian;0;0;38,66755;28,89328;6,169999
Screenshot_2024-03-04_15-46-16.png;Caio Louis;7;0;46,65262;-11,16978;76,45387
Screenshot_2024-03-04_15-46-16.png;Alexandre Gonçalves;8;0;34,85526;76,85525;43,26425
Screenshot_2024-03-04_15-46-16.png;Lucca Gonçalves;4;0;74,66266;74,15665;36,91657
Screenshot_2024-03-04_15-46-19.png;Lucas Moreira;2;1;76,89978;7,314629;29,34401
Screenshot_2024-03-04_15-46-19.png;Noah Moreira;5;1;28,92479;68,40714;61,35748
Screenshot_2024-03-04_15-46-19.png;Raian Marcos;1;1;42,49077;64,10258;28,18115
Screenshot_2024-03-04_15-46-19.png;Max Leclerc;1;1;44,59457;47,1414;58,88716
Screenshot_2024-03-04_15-46-19.png;Nicolas Riça;1;1;66,8779;56,59863;64,68011
Screenshot_2024-03-04_15-46-19.png;Pedro Reis;8;1;71,44402;82,85041;87,45385
Screenshot_2024-03-04_15-46-19.png;Thales Bonaviga;1;1;58,6809;20,42296;17,20165
Screenshot_2024-03-04_15-46-19.png;Akira Riça;3;1;34,25249;70,05554;22,54649
Screenshot_2024-03-04_15-46-19.png;Daniel Louis;0;1;63,60152;25,06229;20,78622
Screenshot_2024-03-04_15-46-19.png;Akira Gojo;0;1;54,73528;36,18801;86,60818
Screenshot_2024-03-04_15-46-19.png;Benjamim Bonaviga;7;1;35,17995;118,1099;10,01566
Screenshot_2024-03-04_15-46-19.png;Benjamim Rian;5;1;38,66755;28,89328;39,88475
Screenshot_2024-03-04_15-46-19.png;Caio Louis;7;1;46,65262;28,83022;86,2524
Screenshot_2024-03-04_15-46-19.png;Alexandre Gonçalves;7;1;34,85526;96,85525;43,00045
Screenshot_2024-03-04_15-46-19.png;Lucca Gonçalves;6;1;74,66266;75,15665;10,00509
Screenshot_2024-03-04_15-46-22.png;Lucas Moreira;3;2;76,89978;7,314629;34,17776
Screenshot_2024-03-04_15-46-22.png;Noah Moreira;6;2;28,92479;68,40714;38,26904
Screenshot_2024-03-04_15-46-22.png;Raian Marcos;1;2;42,49077;44,10258;44,9441
Screenshot_2024-03-04_15-46-22.png;Max Leclerc;0;2;44,59457;47,1414;56,68866
Screenshot_2024-03-04_15-46-22.png;Nicolas Riça;2;2;66,8779;56,59863;65,17896
Screenshot_2024-03-04_15-46-22.png;Pedro Reis;3;2;71,44402;62,85041;56,95811
Screenshot_2024-03-04_15-46-22.png;Thales Bonaviga;0;2;58,6809;20,42296;30,14121
Screenshot_2024-03-04_15-46-22.png;Akira Riça;0;2;34,25249;70,05554;47,90041
Screenshot_2024-03-04_15-46-22.png;Daniel Louis;3;2;63,60152;25,06229;14,39806
Screenshot_2024-03-04_15-46-22.png;Akira Gojo;0;2;54,73528;36,18801;21,71936
Screenshot_2024-03-04_15-46-22.png;Benjamim Bonaviga;0;2;35,17995;118,1099;67,90765
Screenshot_2024-03-04_15-46-22.png;Benjamim Rian;5;2;38,66755;28,89328;26,22077
Screenshot_2024-03-04_15-46-22.png;Caio Louis;0;2;46,65262;28,83022;45,48726
Screenshot_2024-03-04_15-46-22.png;Alexandre Gonçalves;0;2;34,85526;96,85525;49,17258
Screenshot_2024-03-04_15-46-22.png;Lucca Gonçalves;1;2;74,66266;76,15665;60,66066
Screenshot_2024-03-04_15-46-26.png;Lucas Moreira;1;2;76,89978;7,314629;34,17776
Screenshot_2024-03-04_15-46-26.png;Noah Moreira;3;2;28,92479;68,40714;38,26904
Screenshot_2024-03-04_15-46-26.png;Raian Marcos;0;2;42,49077;44,10258;44,9441
Screenshot_2024-03-04_15-46-26.png;Max Leclerc;2;2;44,59457;47,1414;56,68866
Screenshot_2024-03-04_15-46-26.png;Nicolas Riça;1;2;66,8779;56,59863;65,17896
Screenshot_2024-03-04_15-46-26.png;Pedro Reis;1;2;71,44402;43,85041;56,95811
Screenshot_2024-03-04_15-46-26.png;Thales Bonaviga;0;2;58,6809;20,42296;30,14121
Screenshot_2024-03-04_15-46-26.png;Akira Riça;2;2;34,25249;70,05554;47,90041
Screenshot_2024-03-04_15-46-26.png;Daniel Louis;0;2;63,60152;25,06229;14,39806
Screenshot_2024-03-04_15-46-26.png;Akira Gojo;0;2;54,73528;36,18801;21,71936
Screenshot_2024-03-04_15-46-26.png;Benjamim Bonaviga;2;2;35,17995;98,10995;67,90765
Screenshot_2024-03-04_15-46-26.png;Benjamim Rian;1;2;38,66755;29,89328;26,22077
Screenshot_2024-03-04_15-46-26.png;Caio Louis;2;2;46,65262;28,83022;45,48726
Screenshot_2024-03-04_15-46-26.png;Alexandre Gonçalves;2;2;34,85526;96,85525;49,17258
Screenshot_2024-03-04_15-46-26.png;Lucca Gonçalves;1;2;74,66266;36,15665;60,66066
Screenshot_2024-03-04_15-46-29.png;Lucas Moreira;0;2;76,89978;8,314629;34,17776
Screenshot_2024-03-04_15-46-29.png;Noah Moreira;0;2;28,92479;68,40714;38,26904
Screenshot_2024-03-04_15-46-29.png;Raian Marcos;0;2;42,49077;45,10258;44,9441
Screenshot_2024-03-04_15-46-29.png;Max Leclerc;3;2;44,59457;48,1414;56,68866
Screenshot_2024-03-04_15-46-29.png;Nicolas Riça;1;2;66,8779;37,59863;65,17896
Screenshot_2024-03-04_15-46-29.png;Pedro Reis;0;2;71,44402;44,85041;56,95811
Screenshot_2024-03-04_15-46-29.png;Thales Bonaviga;0;2;58,6809;20,42296;30,14121
Screenshot_2024-03-04_15-46-29.png;Akira Riça;1;2;34,25249;70,05554;47,90041
Screenshot_2024-03-04_15-46-29.png;Daniel Louis;0;2;63,60152;25,06229;14,39806
Screenshot_2024-03-04_15-46-29.png;Akira Gojo;0;2;54,73528;36,18801;21,71936
Screenshot_2024-03-04_15-46-29.png;Benjamim Bonaviga;0;2;35,17995;99,10995;67,90765
Screenshot_2024-03-04_15-46-29.png;Benjamim Rian;0;2;38,66755;29,89328;26,22077
Screenshot_2024-03-04_15-46-29.png;Caio Louis;1;2;46,65262;29,83022;45,48726
Screenshot_2024-03-04_15-46-29.png;Alexandre Gonçalves;1;2;34,85526;77,85525;49,17258
Screenshot_2024-03-04_15-46-29.png;Lucca Gonçalves;1;2;74,66266;16,15665;60,66066
Screenshot_2024-03-04_15-46-32.png;Jader Verstappen;0;0;35,34584;21,66873;64,1087
Screenshot_2024-03-04_15-46-32.png;Andrey Sainz;0;0;51,18771;60,9132;2,007496
Screenshot_2024-03-04_15-46-32.png;Daniel Lisboa;2;0;55,38574;73,13355;98,89791
Screenshot_2024-03-04_15-46-32.png;Lucca Cardoso;2;0;62,30634;60,05284;80,61146
Screenshot_2024-03-04_15-46-32.png;Jader Oliveira;5;0;30,91907;43,22633;19,2716
Screenshot_2024-03-04_15-46-32.png;Mario Rian;1;0;73,70517;8,711063;82,15517
Screenshot_2024-03-04_15-46-32.png;Noah Cardoso;0;0;45,12343;41,35373;17,58351
Screenshot_2024-03-04_15-46-32.png;Thales Rodrigues;3;0;60,70321;41,15971;73,88634
Screenshot_2024-03-04_15-46-32.png;Miguel Rian;2;0;54,41266;55,08105;89,93999
Screenshot_2024-03-04_15-46-32.png;Matheus Oliveira;0;0;37,23791;37,31425;15,01683
Screenshot_2024-03-04_15-46-32.png;Lucca Moreira;0;0;43,23249;66,07022;58,77817
Screenshot_2024-03-04_15-46-32.png;Andrey Lisboa;0;0;39,56676;48,19315;70,74532
Screenshot_2024-03-04_15-46-32.png;Miguel Louis;0;0;40,27184;37,9001;29,44609
Screenshot_2024-03-04_15-46-32.png;Matheus Torquato;0;0;50,38026;46,07407;69,38927
Screenshot_2024-03-04_15-46-32.png;Nicolas Xuint;6;0;37,59825;70,60726;17,28758
Screenshot_2024-03-04_15-46-35.png;Jader Verstappen;3;0;35,34584;21,66873;64,1087
Screenshot_2024-03-04_15-46-35.png;Andrey Sainz;0;0;51,18771;60,9132;2,007496
Screenshot_2024-03-04_15-46-35.png;Daniel Lisboa;2;0;55,38574;54,13355;98,89791
Screenshot_2024-03-04_15-46-35.png;Lucca Cardoso;2;0;62,30634;60,05284;80,61146
Screenshot_2024-03-04_15-46-35.png;Jader Oliveira;6;0;30,91907;43,22633;19,2716
Screenshot_2024-03-04_15-46-35.png;Mario Rian;3;0;73,70517;9,711063;82,15517
Screenshot_2024-03-04_15-46-35.png;Noah Cardoso;0;0;45,12343;41,35373;17,58351
Screenshot_2024-03-04_15-46-35.png;Thales Rodrigues;1;0;60,70321;1,159706;73,88634
Screenshot_2024-03-04_15-46-35.png;Miguel Rian;1;0;54,41266;57,08105;89,93999
Screenshot_2024-03-04_15-46-35.png;Matheus Oliveira;6;0;37,23791;37,31425;15,01683
Screenshot_2024-03-04_15-46-35.png;Lucca Moreira;2;0;43,23249;46,07022;58,77817
Screenshot_2024-03-04_15-46-35.png;Andrey Lisboa;0;0;39,56676;48,19315;70,74532
Screenshot_2024-03-04_15-46-35.png;Miguel Louis;6;0;40,27184;37,9001;29,44609
Screenshot_2024-03-04_15-46-35.png;Matheus Torquato;1;0;50,38026;26,07407;69,38927
Screenshot_2024-03-04_15-46-35.png;Nicolas Xuint;2;0;37,59825;50,60726;17,28758
Screenshot_2024-03-04_15-46-39.png;Jader Verstappen;1;0;35,34584;21,66873;64,1087
Screenshot_2024-03-04_15-46-39.png;Andrey Sainz;0;0;51,18771;60,9132;2,007496
Screenshot_2024-03-04_15-46-39.png;Daniel Lisboa;1;0;55,38574;34,13355;98,89791
Screenshot_2024-03-04_15-46-39.png;Lucca Cardoso;1;0;62,30634;41,05284;80,61146
Screenshot_2024-03-04_15-46-39.png;Jader Oliveira;6;0;30,91907;43,22633;19,2716
Screenshot_2024-03-04_15-46-39.png;Mario Rian;7;0;73,70517;-10,28894;82,15517
Screenshot_2024-03-04_15-46-39.png;Noah Cardoso;0;0;45,12343;41,35373;17,58351
Screenshot_2024-03-04_15-46-39.png;Thales Rodrigues;1;0;60,70321;2,159706;73,88634
Screenshot_2024-03-04_15-46-39.png;Miguel Rian;0;0;54,41266;57,08105;89,93999
Screenshot_2024-03-04_15-46-39.png;Matheus Oliveira;7;0;37,23791;38,31425;15,01683
Screenshot_2024-03-04_15-46-39.png;Lucca Moreira;1;0;43,23249;47,07022;58,77817
Screenshot_2024-03-04_15-46-39.png;Andrey Lisboa;1;0;39,56676;49,19315;70,74532
Screenshot_2024-03-04_15-46-39.png;Miguel Louis;5;0;40,27184;37,9001;29,44609
Screenshot_2024-03-04_15-46-39.png;Matheus Torquato;1;0;50,38026;26,07407;69,38927
Screenshot_2024-03-04_15-46-39.png;Nicolas Xuint;1;0;37,59825;30,60726;17,28758
Screenshot_2024-03-04_15-46-42.png;Jader Verstappen;1;0;35,34584;2,66873;64,1087
Screenshot_2024-03-04_15-46-42.png;Andrey Sainz;0;0;51,18771;60,9132;2,007496
Screenshot_2024-03-04_15-46-42.png;Daniel Lisboa;1;0;55,38574;35,13355;98,89791
Screenshot_2024-03-04_15-46-42.png;Lucca Cardoso;1;0;62,30634;21,05284;80,61146
Screenshot_2024-03-04_15-46-42.png;Jader Oliveira;8;0;30,91907;43,22633;19,2716
Screenshot_2024-03-04_15-46-42.png;Mario Rian;7;0;73,70517;29,71106;82,15517
Screenshot_2024-03-04_15-46-42.png;Noah Cardoso;4;0;45,12343;42,35373;17,58351
Screenshot_2024-03-04_15-46-42.png;Thales Rodrigues;1;0;60,70321;4,159706;73,88634
Screenshot_2024-03-04_15-46-42.png;Miguel Rian;0;0;54,41266;58,08105;89,93999
Screenshot_2024-03-04_15-46-42.png;Matheus Oliveira;4;0;37,23791;39,31425;15,01683
Screenshot_2024-03-04_15-46-42.png;Lucca Moreira;1;0;43,23249;28,07022;58,77817
Screenshot_2024-03-04_15-46-42.png;Andrey Lisboa;0;0;39,56676;50,19315;70,74532
Screenshot_2024-03-04_15-46-42.png;Miguel Louis;4;0;40,27184;38,9001;29,44609
Screenshot_2024-03-04_15-46-42.png;Matheus Torquato;1;0;50,38026;26,07407;69,38927
Screenshot_2024-03-04_15-46-42.png;Nicolas Xuint;1;0;37,59825;-9,392738;17,28758
Screenshot_2024-03-04_15-46-45.png;Jader Verstappen;1;0;35,34584;3,66873;64,1087
Screenshot_2024-03-04_15-46-45.png;Andrey Sainz;0;0;51,18771;60,9132;2,007496
Screenshot_2024-03-04_15-46-45.png;Daniel Lisboa;1;0;55,38574;-4,866447;98,89791
Screenshot_2024-03-04_15-46-45.png;Lucca Cardoso;1;0;62,30634;21,05284;80,61146
Screenshot_2024-03-04_15-46-45.png;Jader Oliveira;3;0;30,91907;43,22633;19,2716
Screenshot_2024-03-04_15-46-45.png;Mario Rian;7;0;73,70517;50,71106;82,15517
Screenshot_2024-03-04_15-46-45.png;Noah Cardoso;0;0;45,12343;42,35373;17,58351
Screenshot_2024-03-04_15-46-45.png;Thales Rodrigues;7;0;60,70321;-14,84029;73,88634
Screenshot_2024-03-04_15-46-45.png;Miguel Rian;3;0;54,41266;58,08105;89,93999
Screenshot_2024-03-04_15-46-45.png;Matheus Oliveira;0;0;37,23791;39,31425;15,01683
Screenshot_2024-03-04_15-46-45.png;Lucca Moreira;1;0;43,23249;29,07022;58,77817
Screenshot_2024-03-04_15-46-45.png;Andrey Lisboa;3;0;39,56676;50,19315;70,74532
Screenshot_2024-03-04_15-46-45.png;Miguel Louis;0;0;40,27184;38,9001;29,44609
Screenshot_2024-03-04_15-46-45.png;Matheus Torquato;1;0;50,38026;6,074066;69,38927
Screenshot_2024-03-04_15-46-45.png;Nicolas Xuint;1;0;37,59825;-28,39274;17,28758
Screenshot_2024-03-04_15-46-48.png;Jader Verstappen;1;0;35,34584;4,66873;64,1087
Screenshot_2024-03-04_15-46-48.png;Andrey Sainz;0;0;51,18771;60,9132;2,007496
Screenshot_2024-03-04_15-46-48.png;Daniel Lisboa;1;0;55,38574;-4,866447;98,89791
Screenshot_2024-03-04_15-46-48.png;Lucca Cardoso;1;0;62,30634;22,05284;80,61146
Screenshot_2024-03-04_15-46-48.png;Jader Oliveira;2;0;30,91907;23,22633;19,2716
Screenshot_2024-03-04_15-46-48.png;Mario Rian;7;0;73,70517;50,71106;82,15517
Screenshot_2024-03-04_15-46-48.png;Noah Cardoso;0;0;45,12343;42,35373;17,58351
Screenshot_2024-03-04_15-46-48.png;Thales Rodrigues;7;0;60,70321;5,159706;73,88634
Screenshot_2024-03-04_15-46-48.png;Miguel Rian;1;0;54,41266;38,08105;89,93999
Screenshot_2024-03-04_15-46-48.png;Matheus Oliveira;0;0;37,23791;39,31425;15,01683
Screenshot_2024-03-04_15-46-48.png;Lucca Moreira;1;0;43,23249;30,07022;58,77817
Screenshot_2024-03-04_15-46-48.png;Andrey Lisboa;1;0;39,56676;50,19315;70,74532
Screenshot_2024-03-04_15-46-48.png;Miguel Louis;0;0;40,27184;38,9001;29,44609
Screenshot_2024-03-04_15-46-48.png;Matheus Torquato;1;0;50,38026;7,074066;69,38927
Screenshot_2024-03-04_15-46-48.png;Nicolas Xuint;2;0;37,59825;-47,39274;17,28758
Screenshot_2024-03-04_15-46-51.png;Jader Verstappen;1;1;35,34584;5,66873;64,05483
Screenshot_2024-03-04_15-46-51.png;Andrey Sainz;0;1;51,18771;60,9132;89,2512
Screenshot_2024-03-04_15-46-51.png;Daniel Lisboa;1;1;55,38574;-4,866447;58,85894
Screenshot_2024-03-04_15-46-51.png;Lucca Cardoso;1;1;62,30634;24,05284;63,69576
Screenshot_2024-03-04_15-46-51.png;Jader Oliveira;3;1;30,91907;23,22633;84,91497
Screenshot_2024-03-04_15-46-51.png;Mario Rian;7;1;73,70517;52,71106;80,44277
Screenshot_2024-03-04_15-46-51.png;Noah Cardoso;0;1;45,12343;42,35373;86,60429
Screenshot_2024-03-04_15-46-51.png;Thales Rodrigues;7;1;60,70321;25,15971;36,8463
Screenshot_2024-03-04_15-46-51.png;Miguel Rian;2;1;54,41266;39,08105;42,82416
Screenshot_2024-03-04_15-46-51.png;Matheus Oliveira;0;1;37,23791;39,31425;51,88039
Screenshot_2024-03-04_15-46-51.png;Lucca Moreira;1;1;43,23249;11,07022;73,16152
Screenshot_2024-03-04_15-46-51.png;Andrey Lisboa;1;1;39,56676;51,19315;23,86691
Screenshot_2024-03-04_15-46-51.png;Miguel Louis;0;1;40,27184;38,9001;29,9968
Screenshot_2024-03-04_15-46-51.png;Matheus Torquato;1;1;50,38026;-12,92593;20,62069
Screenshot_2024-03-04_15-46-51.png;Nicolas Xuint;0;1;37,59825;-67,39274;21,28139
Screenshot_2024-03-04_15-46-55.png;Jader Verstappen;6;2;35,34584;5,66873;30,95696
Screenshot_2024-03-04_15-46-55.png;Andrey Sainz;2;2;51,18771;60,9132;79,69974
Screenshot_2024-03-04_15-46-55.png;Daniel Lisboa;0;2;55,38574;-4,866447;36,95633
Screenshot_2024-03-04_15-46-55.png;Lucca Cardoso;3;2;62,30634;24,05284;66,98935
Screenshot_2024-03-04_15-46-55.png;Jader Oliveira;0;2;30,91907;23,22633;45,40508
Screenshot_2024-03-04_15-46-55.png;Mario Rian;3;2;73,70517;53,71106;13,49263
Screenshot_2024-03-04_15-46-55.png;Noah Cardoso;0;2;45,12343;42,35373;78,90347
Screenshot_2024-03-04_15-46-55.png;Thales Rodrigues;2;2;60,70321;26,15971;80,76071
Screenshot_2024-03-04_15-46-55.png;Miguel Rian;0;2;54,41266;39,08105;20,24375
Screenshot_2024-03-04_15-46-55.png;Matheus Oliveira;0;2;37,23791;39,31425;65,87217
Screenshot_2024-03-04_15-46-55.png;Lucca Moreira;0;2;43,23249;11,07022;36,34499
Screenshot_2024-03-04_15-46-55.png;Andrey Lisboa;0;2;39,56676;31,19315;71,74763
Screenshot_2024-03-04_15-46-55.png;Miguel Louis;0;2;40,27184;38,9001;72,06292
Screenshot_2024-03-04_15-46-55.png;Matheus Torquato;0;2;50,38026;-12,92593;41,36098
Screenshot_2024-03-04_15-46-55.png;Nicolas Xuint;7;2;37,59825;-66,39274;66,83063
Screenshot_2024-03-04_15-46-58.png;Caio Xuint;4;0;39,45198;87,82166;26,01203
Screenshot_2024-03-04_15-46-58.png;Daniel Gojo;1;0;70,64838;67,56623;74,15121
Screenshot_2024-03-04_15-46-58.png;Matheus Marcos;0;0;29,94907;68,9625;66,15708
Screenshot_2024-03-04_15-46-58.png;Charles Dantas;5;0;36,17474;87,43065;34,53202
Screenshot_2024-03-04_15-46-58.png;Noah Marcos;2;0;79,21773;61,561;4,918945
Screenshot_2024-03-04_15-46-58.png;Tifon Leclerc;0;0;52,66951;66,64945;34,45781
Screenshot_2024-03-04_15-46-58.png;Alexandre Souza;0;0;44,24397;68,49323;76,39487
Screenshot_2024-03-04_15-46-58.png;Raian Tavares;3;0;68,33067;40,63269;84,80072
Screenshot_2024-03-04_15-46-58.png;Bernado Santos;0;0;42,20426;88,01694;73,74823
Screenshot_2024-03-04_15-46-58.png;Fernando Xuint;0;0;33,99712;52,47386;80,70361
Screenshot_2024-03-04_15-46-58.png;Raian Dantas;0;0;40,5215;36,37046;88,4956
Screenshot_2024-03-04_15-46-58.png;Max Amorim;0;0;51,63164;73,59402;7,934868
Screenshot_2024-03-04_15-46-58.png;Gabriel Oliveira;2;0;71,9623;36,93513;30,55393
Screenshot_2024-03-04_15-46-58.png;Samuel Xuint;1;0;74,95811;45,36916;45,63754
Screenshot_2024-03-04_15-46-58.png;Matheus Rian;0;0;32,99191;87,0572;76,58498
Screenshot_2024-03-04_15-47-01.png;Caio Xuint;7;0;39,45198;88,82166;26,01203
Screenshot_2024-03-04_15-47-01.png;Daniel Gojo;1;0;70,64838;68,56623;74,15121
Screenshot_2024-03-04_15-47-01.png;Matheus Marcos;0;0;29,94907;68,9625;66,15708
Screenshot_2024-03-04_15-47-01.png;Charles Dantas;4;0;36,17474;88,43065;34,53202
Screenshot_2024-03-04_15-47-01.png;Noah Marcos;0;0;79,21773;61,561;4,918945
Screenshot_2024-03-04_15-47-01.png;Tifon Leclerc;5;0;52,66951;66,64945;34,45781
Screenshot_2024-03-04_15-47-01.png;Alexandre Souza;2;0;44,24397;69,49323;76,39487
Screenshot_2024-03-04_15-47-01.png;Raian Tavares;1;0;68,33067;21,63269;84,80072
Screenshot_2024-03-04_15-47-01.png;Bernado Santos;2;0;42,20426;89,01694;73,74823
Screenshot_2024-03-04_15-47-01.png;Fernando Xuint;3;0;33,99712;52,47386;80,70361
Screenshot_2024-03-04_15-47-01.png;Raian Dantas;0;0;40,5215;37,37046;88,4956
Screenshot_2024-03-04_15-47-01.png;Max Amorim;0;0;51,63164;73,59402;7,934868
Screenshot_2024-03-04_15-47-01.png;Gabriel Oliveira;2;0;71,9623;16,93513;30,55393
Screenshot_2024-03-04_15-47-01.png;Samuel Xuint;1;0;74,95811;25,36916;45,63754
Screenshot_2024-03-04_15-47-01.png;Matheus Rian;0;0;32,99191;87,0572;76,58498
Screenshot_2024-03-04_15-47-04.png;Caio Xuint;6;0;39,45198;88,82166;26,01203
Screenshot_2024-03-04_15-47-04.png;Daniel Gojo;1;0;70,64838;68,56623;74,15121
Screenshot_2024-03-04_15-47-04.png;Matheus Marcos;2;0;29,94907;49,9625;66,15708
Screenshot_2024-03-04_15-47-04.png;Charles Dantas;4;0;36,17474;89,43065;34,53202
Screenshot_2024-03-04_15-47-04.png;Noah Marcos;0;0;79,21773;61,561;4,918945
Screenshot_2024-03-04_15-47-04.png;Tifon Leclerc;8;0;52,66951;66,64945;34,45781
Screenshot_2024-03-04_15-47-04.png;Alexandre Souza;2;0;44,24397;70,49323;76,39487
Screenshot_2024-03-04_15-47-04.png;Raian Tavares;0;0;68,33067;22,63269;84,80072
Screenshot_2024-03-04_15-47-04.png;Bernado Santos;3;0;42,20426;89,01694;73,74823
Screenshot_2024-03-04_15-47-04.png;Fernando Xuint;1;0;33,99712;53,47386;80,70361
Screenshot_2024-03-04_15-47-04.png;Raian Dantas;3;0;40,5215;37,37046;88,4956
Screenshot_2024-03-04_15-47-04.png;Max Amorim;0;0;51,63164;73,59402;7,934868
Screenshot_2024-03-04_15-47-04.png;Gabriel Oliveira;0;0;71,9623;17,93513;30,55393
Screenshot_2024-03-04_15-47-04.png;Samuel Xuint;1;0;74,95811;27,36916;45,63754
Screenshot_2024-03-04_15-47-04.png;Matheus Rian;1;0;32,99191;67,0572;76,58498
Screenshot_2024-03-04_15-47-07.png;Caio Xuint;5;0;39,45198;88,82166;26,01203
Screenshot_2024-03-04_15-47-07.png;Daniel Gojo;1;0;70,64838;28,56623;74,15121
Screenshot_2024-03-04_15-47-07.png;Matheus Marcos;0;0;29,94907;49,9625;66,15708
Screenshot_2024-03-04_15-47-07.png;Charles Dantas;0;0;36,17474;89,43065;34,53202
Screenshot_2024-03-04_15-47-07.png;Noah Marcos;4;0;79,21773;62,561;4,918945
Screenshot_2024-03-04_15-47-07.png;Tifon Leclerc;7;0;52,66951;86,64945;34,45781
Screenshot_2024-03-04_15-47-07.png;Alexandre Souza;0;0;44,24397;70,49323;76,39487
Screenshot_2024-03-04_15-47-07.png;Raian Tavares;3;0;68,33067;22,63269;84,80072
Screenshot_2024-03-04_15-47-07.png;Bernado Santos;1;0;42,20426;89,01694;73,74823
Screenshot_2024-03-04_15-47-07.png;Fernando Xuint;2;0;33,99712;13,47386;80,70361
Screenshot_2024-03-04_15-47-07.png;Raian Dantas;1;0;40,5215;37,37046;88,4956
Screenshot_2024-03-04_15-47-07.png;Max Amorim;6;0;51,63164;73,59402;7,934868
Screenshot_2024-03-04_15-47-07.png;Gabriel Oliveira;0;0;71,9623;17,93513;30,55393
Screenshot_2024-03-04_15-47-07.png;Samuel Xuint;1;0;74,95811;27,36916;45,63754
Screenshot_2024-03-04_15-47-07.png;Matheus Rian;1;0;32,99191;69,0572;76,58498
Screenshot_2024-03-04_15-47-11.png;Caio Xuint;8;0;39,45198;88,82166;26,01203
Screenshot_2024-03-04_15-47-11.png;Daniel Gojo;1;0;70,64838;8,566231;74,15121
Screenshot_2024-03-04_15-47-11.png;Matheus Marcos;1;0;29,94907;29,9625;66,15708
Screenshot_2024-03-04_15-47-11.png;Charles Dantas;0;0;36,17474;89,43065;34,53202
Screenshot_2024-03-04_15-47-11.png;Noah Marcos;0;0;79,21773;62,561;4,918945
Screenshot_2024-03-04_15-47-11.png;Tifon Leclerc;7;0;52,66951;106,6495;34,45781
Screenshot_2024-03-04_15-47-11.png;Alexandre Souza;3;0;44,24397;70,49323;76,39487
Screenshot_2024-03-04_15-47-11.png;Raian Tavares;1;0;68,33067;3,632694;84,80072
Screenshot_2024-03-04_15-47-11.png;Bernado Santos;1;0;42,20426;90,01694;73,74823
Screenshot_2024-03-04_15-47-11.png;Fernando Xuint;2;0;33,99712;-26,52614;80,70361
Screenshot_2024-03-04_15-47-11.png;Raian Dantas;1;0;40,5215;17,37046;88,4956
Screenshot_2024-03-04_15-47-11.png;Max Amorim;5;0;51,63164;73,59402;7,934868
Screenshot_2024-03-04_15-47-11.png;Gabriel Oliveira;0;0;71,9623;17,93513;30,55393
Screenshot_2024-03-04_15-47-11.png;Samuel Xuint;1;0;74,95811;28,36916;45,63754
Screenshot_2024-03-04_15-47-11.png;Matheus Rian;0;0;32,99191;70,0572;76,58498
Screenshot_2024-03-04_15-47-14.png;Caio Xuint;8;0;39,45198;108,8217;26,01203
Screenshot_2024-03-04_15-47-14.png;Daniel Gojo;1;0;70,64838;-11,43377;74,15121
Screenshot_2024-03-04_15-47-14.png;Matheus Marcos;3;0;29,94907;30,9625;66,15708
Screenshot_2024-03-04_15-47-14.png;Charles Dantas;5;0;36,17474;89,43065;34,53202
Screenshot_2024-03-04_15-47-14.png;Noah Marcos;0;0;79,21773;62,561;4,918945
Screenshot_2024-03-04_15-47-14.png;Tifon Leclerc;8;0;52,66951;126,6495;34,45781
Screenshot_2024-03-04_15-47-14.png;Alexandre Souza;1;0;44,24397;51,49323;76,39487
Screenshot_2024-03-04_15-47-14.png;Raian Tavares;7;0;68,33067;-16,36731;84,80072
Screenshot_2024-03-04_15-47-14.png;Bernado Santos;1;0;42,20426;91,01694;73,74823
Screenshot_2024-03-04_15-47-14.png;Fernando Xuint;7;0;33,99712;-25,52614;80,70361
Screenshot_2024-03-04_15-47-14.png;Raian Dantas;1;0;40,5215;-2,629539;88,4956
Screenshot_2024-03-04_15-47-14.png;Max Amorim;6;0;51,63164;73,59402;7,934868
Screenshot_2024-03-04_15-47-14.png;Gabriel Oliveira;1;0;71,9623;17,93513;30,55393
Screenshot_2024-03-04_15-47-14.png;Samuel Xuint;1;0;74,95811;9,369156;45,63754
Screenshot_2024-03-04_15-47-14.png;Matheus Rian;0;0;32,99191;70,0572;76,58498
Screenshot_2024-03-04_15-47-17.png;Caio Xuint;7;0;39,45198;128,8217;26,01203
Screenshot_2024-03-04_15-47-17.png;Daniel Gojo;7;0;70,64838;-10,43377;74,15121
Screenshot_2024-03-04_15-47-17.png;Matheus Marcos;1;0;29,94907;30,9625;66,15708
Screenshot_2024-03-04_15-47-17.png;Charles Dantas;8;0;36,17474;89,43065;34,53202
Screenshot_2024-03-04_15-47-17.png;Noah Marcos;0;0;79,21773;62,561;4,918945
Screenshot_2024-03-04_15-47-17.png;Tifon Leclerc;7;0;52,66951;128,6494;34,45781
Screenshot_2024-03-04_15-47-17.png;Alexandre Souza;1;0;44,24397;52,49323;76,39487
Screenshot_2024-03-04_15-47-17.png;Raian Tavares;7;0;68,33067;4,632694;84,80072
Screenshot_2024-03-04_15-47-17.png;Bernado Santos;1;0;42,20426;51,01694;73,74823
Screenshot_2024-03-04_15-47-17.png;Fernando Xuint;7;0;33,99712;-4,526138;80,70361
Screenshot_2024-03-04_15-47-17.png;Raian Dantas;1;0;40,5215;-1,629539;88,4956
Screenshot_2024-03-04_15-47-17.png;Max Amorim;0;0;51,63164;73,59402;7,934868
Screenshot_2024-03-04_15-47-17.png;Gabriel Oliveira;1;0;71,9623;-2,064865;30,55393
Screenshot_2024-03-04_15-47-17.png;Samuel Xuint;1;0;74,95811;11,36916;45,63754
Screenshot_2024-03-04_15-47-17.png;Matheus Rian;1;0;32,99191;50,0572;76,58498
Screenshot_2024-03-04_15-47-20.png;Caio Xuint;7;0;39,45198;148,8217;26,01203
Screenshot_2024-03-04_15-47-20.png;Daniel Gojo;7;0;70,64838;-10,43377;74,15121
Screenshot_2024-03-04_15-47-20.png;Matheus Marcos;1;0;29,94907;11,9625;66,15708
Screenshot_2024-03-04_15-47-20.png;Charles Dantas;8;0;36,17474;89,43065;34,53202
Screenshot_2024-03-04_15-47-20.png;Noah Marcos;0;0;79,21773;62,561;4,918945
Screenshot_2024-03-04_15-47-20.png;Tifon Leclerc;8;0;52,66951;128,6494;34,45781
Screenshot_2024-03-04_15-47-20.png;Alexandre Souza;1;0;44,24397;53,49323;76,39487
Screenshot_2024-03-04_15-47-20.png;Raian Tavares;7;0;68,33067;4,632694;84,80072
Screenshot_2024-03-04_15-47-20.png;Bernado Santos;1;0;42,20426;31,01694;73,74823
Screenshot_2024-03-04_15-47-20.png;Fernando Xuint;7;0;33,99712;-3,526138;80,70361
Screenshot_2024-03-04_15-47-20.png;Raian Dantas;1;0;40,5215;-0,6295395;88,4956
Screenshot_2024-03-04_15-47-20.png;Max Amorim;0;0;51,63164;73,59402;7,934868
Screenshot_2024-03-04_15-47-20.png;Gabriel Oliveira;1;0;71,9623;-2,064865;30,55393
Screenshot_2024-03-04_15-47-20.png;Samuel Xuint;5;0;74,95811;-8,630844;45,63754
Screenshot_2024-03-04_15-47-20.png;Matheus Rian;1;0;32,99191;31,0572;76,58498
Screenshot_2024-03-04_15-47-23.png;Caio Leclerc;0;1;32,01781;63,4493;81,07072
Screenshot_2024-03-04_15-47-23.png;Lucas Moreira;0;1;47,96492;76,48598;85,66475
Screenshot_2024-03-04_15-47-23.png;Charles Sainz;0;1;71,45516;31,57999;62,46206
Screenshot_2024-03-04_15-47-23.png;Daniel Fernandes;0;1;52,89676;80,19649;46,59388
Screenshot_2024-03-04_15-47-23.png;Benjamim Dantas;0;1;42,10193;40,49947;69,42637
Screenshot_2024-03-04_15-47-23.png;Oddy Marques;0;1;64,15129;78,40799;89,44211
Screenshot_2024-03-04_15-47-23.png;Gustavo Souza;0;1;58,0192;88,46573;46,51776
Screenshot_2024-03-04_15-47-23.png;Mario Moreira;0;1;54,34126;81,91837;81,41056
Screenshot_2024-03-04_15-47-23.png;Gabriel Alonso;0;1;58,03843;25,86716;55,8907
Screenshot_2024-03-04_15-47-23.png;Arthur Amorim;8;1;32,87021;71,99172;85,00124
Screenshot_2024-03-04_15-47-23.png;Wyllgner Louis;0;1;68,32524;54,92843;39,10103
Screenshot_2024-03-04_15-47-23.png;João Gonçalves;0;1;41,03242;71,9156;67,77839
Screenshot_2024-03-04_15-47-23.png;Lucas Souza;0;1;69,86413;42,00643;89,80297
Screenshot_2024-03-04_15-47-23.png;Alexandre Rian;0;1;63,27677;61,36833;33,01306
Screenshot_2024-03-04_15-47-23.png;Matheus Bonaviga;1;1;78,92796;82,76746;14,25194
Screenshot_2024-03-04_15-47-27.png;Caio Leclerc;5;2;32,01781;63,4493;28,97315
Screenshot_2024-03-04_15-47-27.png;Lucas Moreira;0;2;47,96492;76,48598;75,36265
Screenshot_2024-03-04_15-47-27.png;Charles Sainz;1;2;71,45516;-8,420012;80,81038
Screenshot_2024-03-04_15-47-27.png;Daniel Fernandes;0;2;52,89676;80,19649;23,24576
Screenshot_2024-03-04_15-47-27.png;Benjamim Dantas;0;2;42,10193;40,49947;50,42431
Screenshot_2024-03-04_15-47-27.png;Oddy Marques;0;2;64,15129;58,40799;26,15935
Screenshot_2024-03-04_15-47-27.png;Gustavo Souza;0;2;58,0192;88,46573;87,83865
Screenshot_2024-03-04_15-47-27.png;Mario Moreira;0;2;54,34126;81,91837;13,5075
Screenshot_2024-03-04_15-47-27.png;Gabriel Alonso;2;2;58,03843;26,86716;81,5796
Screenshot_2024-03-04_15-47-27.png;Arthur Amorim;6;2;32,87021;71,99172;34,25861
Screenshot_2024-03-04_15-47-27.png;Wyllgner Louis;3;2;68,32524;54,92843;17,41335
Screenshot_2024-03-04_15-47-27.png;João Gonçalves;0;2;41,03242;71,9156;16,03808
Screenshot_2024-03-04_15-47-27.png;Lucas Souza;1;2;69,86413;42,00643;62,55943
Screenshot_2024-03-04_15-47-27.png;Alexandre Rian;0;2;63,27677;61,36833;73,78409
Screenshot_2024-03-04_15-47-27.png;Matheus Bonaviga;1;2;78,92796;83,76746;77,70583
Screenshot_2024-03-04_15-47-30.png;Caio Leclerc;6;2;32,01781;63,4493;28,97315
Screenshot_2024-03-04_15-47-30.png;Lucas Moreira;0;2;47,96492;77,48598;75,36265
Screenshot_2024-03-04_15-47-30.png;Charles Sainz;7;2;71,45516;12,57999;80,81038
Screenshot_2024-03-04_15-47-30.png;Daniel Fernandes;0;2;52,89676;80,19649;23,24576
Screenshot_2024-03-04_15-47-30.png;Benjamim Dantas;3;2;42,10193;40,49947;50,42431
Screenshot_2024-03-04_15-47-30.png;Oddy Marques;0;2;64,15129;58,40799;26,15935
Screenshot_2024-03-04_15-47-30.png;Gustavo Souza;1;2;58,0192;88,46573;87,83865
Screenshot_2024-03-04_15-47-30.png;Mario Moreira;0;2;54,34126;81,91837;13,5075
Screenshot_2024-03-04_15-47-30.png;Gabriel Alonso;0;2;58,03843;26,86716;81,5796
Screenshot_2024-03-04_15-47-30.png;Arthur Amorim;8;2;32,87021;91,99172;34,25861
Screenshot_2024-03-04_15-47-30.png;Wyllgner Louis;0;2;68,32524;54,92843;17,41335
Screenshot_2024-03-04_15-47-30.png;João Gonçalves;4;2;41,03242;71,9156;16,03808
Screenshot_2024-03-04_15-47-30.png;Lucas Souza;1;2;69,86413;22,00643;62,55943
Screenshot_2024-03-04_15-47-30.png;Alexandre Rian;2;2;63,27677;62,36833;73,78409
Screenshot_2024-03-04_15-47-30.png;Matheus Bonaviga;3;2;78,92796;63,76746;77,70583
Screenshot_2024-03-04_15-47-33.png;Caio Leclerc;8;2;32,01781;83,4493;28,97315
Screenshot_2024-03-04_15-47-33.png;Lucas Moreira;2;2;47,96492;78,48598;75,36265
Screenshot_2024-03-04_15-47-33.png;Charles Sainz;4;2;71,45516;14,57999;80,81038
Screenshot_2024-03-04_15-47-33.png;Daniel Fernandes;5;2;52,89676;80,19649;23,24576
Screenshot_2024-03-04_15-47-33.png;Benjamim Dantas;1;2;42,10193;41,49947;50,42431
Screenshot_2024-03-04_15-47-33.png;Oddy Marques;6;2;64,15129;58,40799;26,15935
Screenshot_2024-03-04_15-47-33.png;Gustavo Souza;1;2;58,0192;69,46573;87,83865
Screenshot_2024-03-04_15-47-33.png;Mario Moreira;6;2;54,34126;81,91837;13,5075
Screenshot_2024-03-04_15-47-33.png;Gabriel Alonso;3;2;58,03843;26,86716;81,5796
Screenshot_2024-03-04_15-47-33.png;Arthur Amorim;7;2;32,87021;111,9917;34,25861
Screenshot_2024-03-04_15-47-33.png;Wyllgner Louis;0;2;68,32524;54,92843;17,41335
Screenshot_2024-03-04_15-47-33.png;João Gonçalves;4;2;41,03242;73,9156;16,03808
Screenshot_2024-03-04_15-47-33.png;Lucas Souza;1;2;69,86413;2,006432;62,55943
Screenshot_2024-03-04_15-47-33.png;Alexandre Rian;2;2;63,27677;64,36833;73,78409
Screenshot_2024-03-04_15-47-33.png;Matheus Bonaviga;2;2;78,92796;64,76746;77,70583
Screenshot_2024-03-04_15-47-36.png;Caio Leclerc;7;2;32,01781;103,4493;28,97315
Screenshot_2024-03-04_15-47-36.png;Lucas Moreira;0;2;47,96492;78,48598;75,36265
Screenshot_2024-03-04_15-47-36.png;Charles Sainz;1;2;71,45516;-4,420012;80,81038
Screenshot_2024-03-04_15-47-36.png;Daniel Fernandes;6;2;52,89676;80,19649;23,24576
Screenshot_2024-03-04_15-47-36.png;Benjamim Dantas;3;2;42,10193;42,49947;50,42431
Screenshot_2024-03-04_15-47-36.png;Oddy Marques;6;2;64,15129;58,40799;26,15935
Screenshot_2024-03-04_15-47-36.png;Gustavo Souza;1;2;58,0192;71,46573;87,83865
Screenshot_2024-03-04_15-47-36.png;Mario Moreira;5;2;54,34126;81,91837;13,5075
Screenshot_2024-03-04_15-47-36.png;Gabriel Alonso;1;2;58,03843;26,86716;81,5796
Screenshot_2024-03-04_15-47-36.png;Arthur Amorim;8;2;32,87021;112,9917;34,25861
Screenshot_2024-03-04_15-47-36.png;Wyllgner Louis;0;2;68,32524;54,92843;17,41335
Screenshot_2024-03-04_15-47-36.png;João Gonçalves;3;2;41,03242;73,9156;16,03808
Screenshot_2024-03-04_15-47-36.png;Lucas Souza;1;2;69,86413;4,006432;62,55943
Screenshot_2024-03-04_15-47-36.png;Alexandre Rian;0;2;63,27677;64,36833;73,78409
Screenshot_2024-03-04_15-47-36.png;Matheus Bonaviga;1;2;78,92796;45,76746;77,70583
Screenshot_2024-03-04_15-47-40.png;Caio Leclerc;8;2;32,01781;103,4493;28,97315
Screenshot_2024-03-04_15-47-40.png;Lucas Moreira;3;2;47,96492;78,48598;75,36265
Screenshot_2024-03-04_15-47-40.png;Charles Sainz;7;2;71,45516;-4,420012;80,81038
Screenshot_2024-03-04_15-47-40.png;Daniel Fernandes;7;2;52,89676;100,1965;23,24576
Screenshot_2024-03-04_15-47-40.png;Benjamim Dantas;1;2;42,10193;42,49947;50,42431
Screenshot_2024-03-04_15-47-40.png;Oddy Marques;8;2;64,15129;58,40799;26,15935
Screenshot_2024-03-04_15-47-40.png;Gustavo Souza;1;2;58,0192;52,46573;87,83865
Screenshot_2024-03-04_15-47-40.png;Mario Moreira;2;2;54,34126;82,91837;13,5075
Screenshot_2024-03-04_15-47-40.png;Gabriel Alonso;1;2;58,03843;28,86716;81,5796
Screenshot_2024-03-04_15-47-40.png;Arthur Amorim;8;2;32,87021;112,9917;34,25861
Screenshot_2024-03-04_15-47-40.png;Wyllgner Louis;5;2;68,32524;54,92843;17,41335
Screenshot_2024-03-04_15-47-40.png;João Gonçalves;0;2;41,03242;73,9156;16,03808
Screenshot_2024-03-04_15-47-40.png;Lucas Souza;1;2;69,86413;4,006432;62,55943
Screenshot_2024-03-04_15-47-40.png;Alexandre Rian;2;2;63,27677;64,36833;73,78409
Screenshot_2024-03-04_15-47-40.png;Matheus Bonaviga;1;2;78,92796;46,76746;77,70583
Screenshot_2024-03-04_15-47-43.png;Caio Leclerc;7;2;32,01781;104,4493;28,97315
Screenshot_2024-03-04_15-47-43.png;Lucas Moreira;3;2;47,96492;79,48598;75,36265
Screenshot_2024-03-04_15-47-43.png;Charles Sainz;7;2;71,45516;-3,420012;80,81038
Screenshot_2024-03-04_15-47-43.png;Daniel Fernandes;4;2;52,89676;121,1965;23,24576
Screenshot_2024-03-04_15-47-43.png;Benjamim Dantas;1;2;42,10193;23,49947;50,42431
Screenshot_2024-03-04_15-47-43.png;Oddy Marques;7;2;64,15129;58,40799;26,15935
Screenshot_2024-03-04_15-47-43.png;Gustavo Souza;1;2;58,0192;32,46573;87,83865
Screenshot_2024-03-04_15-47-43.png;Mario Moreira;8;2;54,34126;82,91837;13,5075
Screenshot_2024-03-04_15-47-43.png;Gabriel Alonso;3;2;58,03843;29,86716;81,5796
Screenshot_2024-03-04_15-47-43.png;Arthur Amorim;7;2;32,87021;132,9917;34,25861
Screenshot_2024-03-04_15-47-43.png;Wyllgner Louis;8;2;68,32524;74,92844;17,41335
Screenshot_2024-03-04_15-47-43.png;João Gonçalves;0;2;41,03242;73,9156;16,03808
Screenshot_2024-03-04_15-47-43.png;Lucas Souza;1;2;69,86413;4,006432;62,55943
Screenshot_2024-03-04_15-47-43.png;Alexandre Rian;1;2;63,27677;44,36833;73,78409
Screenshot_2024-03-04_15-47-43.png;Matheus Bonaviga;0;2;78,92796;47,76746;77,70583
Screenshot_2024-03-04_15-47-46.png;Caio Leclerc;5;2;32,01781;105,4493;28,97315
Screenshot_2024-03-04_15-47-46.png;Lucas Moreira;1;2;47,96492;79,48598;75,36265
Screenshot_2024-03-04_15-47-46.png;Charles Sainz;7;2;71,45516;16,57999;80,81038
Screenshot_2024-03-04_15-47-46.png;Daniel Fernandes;8;2;52,89676;141,1965;23,24576
Screenshot_2024-03-04_15-47-46.png;Benjamim Dantas;1;2;42,10193;3,499474;50,42431
Screenshot_2024-03-04_15-47-46.png;Oddy Marques;7;2;64,15129;59,40799;26,15935
Screenshot_2024-03-04_15-47-46.png;Gustavo Souza;1;2;58,0192;33,46573;87,83865
Screenshot_2024-03-04_15-47-46.png;Mario Moreira;4;2;54,34126;102,9184;13,5075
Screenshot_2024-03-04_15-47-46.png;Gabriel Alonso;1;2;58,03843;30,86716;81,5796
Screenshot_2024-03-04_15-47-46.png;Arthur Amorim;7;2;32,87021;134,9917;34,25861
Screenshot_2024-03-04_15-47-46.png;Wyllgner Louis;5;2;68,32524;74,92844;17,41335
Screenshot_2024-03-04_15-47-46.png;João Gonçalves;0;2;41,03242;73,9156;16,03808
Screenshot_2024-03-04_15-47-46.png;Lucas Souza;1;2;69,86413;5,006432;62,55943
Screenshot_2024-03-04_15-47-46.png;Alexandre Rian;1;2;63,27677;25,36833;73,78409
Screenshot_2024-03-04_15-47-46.png;Matheus Bonaviga;0;2;78,92796;47,76746;77,70583
Screenshot_2024-03-04_15-47-49.png;Akira Sales;0;0;63,97541;69,87669;49,16635
Screenshot_2024-03-04_15-47-49.png;Max Cardoso;0;0;51,0405;23,84895;71,5875
Screenshot_2024-03-04_15-47-49.png;Carlos Rodrigues;2;0;75,07748;66,82546;9,725225
Screenshot_2024-03-04_15-47-49.png;Oddy Verstappen;0;0;64,15761;38,4942;0,9951949
Screenshot_2024-03-04_15-47-49.png;Matheus Gonçalves;1;0;74,06588;85,27893;94,51067
Screenshot_2024-03-04_15-47-49.png;Daniel Moreira;0;0;57,32124;57,14785;22,46626
Screenshot_2024-03-04_15-47-49.png;Oddy Cardoso;0;0;40,72312;23,92426;83,17026
Screenshot_2024-03-04_15-47-49.png;Jader Oliveira;0;0;37,45677;20,2984;48,90387
Screenshot_2024-03-04_15-47-49.png;Tifon Sainz;0;0;50,43639;75,43179;95,16374
Screenshot_2024-03-04_15-47-49.png;Akira Rodrigues;0;0;36,71719;33,99398;66,90224
Screenshot_2024-03-04_15-47-49.png;Alexandre Cardoso;0;0;26,53225;22,1134;46,23331
Screenshot_2024-03-04_15-47-49.png;Mario Souza;1;0;72,23132;7,025429;78,04489
Screenshot_2024-03-04_15-47-49.png;Enzo Rian;0;0;27,17454;52,14033;70,46214
Screenshot_2024-03-04_15-47-49.png;Andrey Torquato;0;0;41,14838;84,62086;56,70992
Screenshot_2024-03-04_15-47-49.png;Gustavo Cardoso;1;0;76,34796;68,58768;80,23013
Screenshot_2024-03-04_15-47-52.png;Akira Sales;3;0;63,97541;70,87669;49,16635
Screenshot_2024-03-04_15-47-52.png;Max Cardoso;1;0;51,0405;4,848946;71,5875
Screenshot_2024-03-04_15-47-52.png;Carlos Rodrigues;5;0;75,07748;67,82546;9,725225
Screenshot_2024-03-04_15-47-52.png;Oddy Verstappen;3;0;64,15761;38,4942;0,9951949
Screenshot_2024-03-04_15-47-52.png;Matheus Gonçalves;0;0;74,06588;86,27893;94,51067
Screenshot_2024-03-04_15-47-52.png;Daniel Moreira;0;0;57,32124;57,14785;22,46626
Screenshot_2024-03-04_15-47-52.png;Oddy Cardoso;3;0;40,72312;23,92426;83,17026
Screenshot_2024-03-04_15-47-52.png;Jader Oliveira;0;0;37,45677;20,2984;48,90387
Screenshot_2024-03-04_15-47-52.png;Tifon Sainz;1;0;50,43639;75,43179;95,16374
Screenshot_2024-03-04_15-47-52.png;Akira Rodrigues;0;0;36,71719;33,99398;66,90224
Screenshot_2024-03-04_15-47-52.png;Alexandre Cardoso;0;0;26,53225;22,1134;46,23331
Screenshot_2024-03-04_15-47-52.png;Mario Souza;1;0;72,23132;-12,97457;78,04489
Screenshot_2024-03-04_15-47-52.png;Enzo Rian;0;0;27,17454;52,14033;70,46214
Screenshot_2024-03-04_15-47-52.png;Andrey Torquato;2;0;41,14838;84,62086;56,70992
Screenshot_2024-03-04_15-47-52.png;Gustavo Cardoso;1;0;76,34796;49,58768;80,23013
Screenshot_2024-03-04_15-47-56.png;Akira Sales;1;1;63,97541;71,87669;59,44559
Screenshot_2024-03-04_15-47-56.png;Max Cardoso;1;1;51,0405;-15,15105;87,93961
Screenshot_2024-03-04_15-47-56.png;Carlos Rodrigues;4;1;75,07748;87,82546;24,51269
Screenshot_2024-03-04_15-47-56.png;Oddy Verstappen;2;1;64,15761;18,4942;43,35536
Screenshot_2024-03-04_15-47-56.png;Matheus Gonçalves;0;1;74,06588;86,27893;53,01259
Screenshot_2024-03-04_15-47-56.png;Daniel Moreira;0;1;57,32124;57,14785;73,68416
Screenshot_2024-03-04_15-47-56.png;Oddy Cardoso;1;1;40,72312;23,92426;31,20582
Screenshot_2024-03-04_15-47-56.png;Jader Oliveira;0;1;37,45677;21,2984;34,5311
Screenshot_2024-03-04_15-47-56.png;Tifon Sainz;1;1;50,43639;55,43179;85,20843
Screenshot_2024-03-04_15-47-56.png;Akira Rodrigues;1;1;36,71719;13,99398;62,63622
Screenshot_2024-03-04_15-47-56.png;Alexandre Cardoso;0;1;26,53225;22,1134;45,73145
Screenshot_2024-03-04_15-47-56.png;Mario Souza;7;1;72,23132;-11,97457;35,51065
Screenshot_2024-03-04_15-47-56.png;Enzo Rian;0;1;27,17454;53,14033;56,76831
Screenshot_2024-03-04_15-47-56.png;Andrey Torquato;1;1;41,14838;65,62086;29,09565
Screenshot_2024-03-04_15-47-56.png;Gustavo Cardoso;1;1;76,34796;49,58768;20,54441
Screenshot_2024-03-04_15-47-59.png;Akira Sales;3;2;63,97541;72,87669;83,87798
Screenshot_2024-03-04_15-47-59.png;Max Cardoso;0;2;51,0405;4,848946;85,28172
Screenshot_2024-03-04_15-47-59.png;Carlos Rodrigues;4;2;75,07748;89,82546;15,03297
Screenshot_2024-03-04_15-47-59.png;Oddy Verstappen;3;2;64,15761;19,4942;79,31406
Screenshot_2024-03-04_15-47-59.png;Matheus Gonçalves;3;2;74,06588;87,27893;40,12286
Screenshot_2024-03-04_15-47-59.png;Daniel Moreira;2;2;57,32124;58,14785;54,01878
Screenshot_2024-03-04_15-47-59.png;Oddy Cardoso;1;2;40,72312;23,92426;30,35717
Screenshot_2024-03-04_15-47-59.png;Jader Oliveira;0;2;37,45677;21,2984;12,10986
Screenshot_2024-03-04_15-47-59.png;Tifon Sainz;3;2;50,43639;55,43179;88,69125
Screenshot_2024-03-04_15-47-59.png;Akira Rodrigues;5;2;36,71719;13,99398;41,66135
Screenshot_2024-03-04_15-47-59.png;Alexandre Cardoso;6;2;26,53225;22,1134;77,68497
Screenshot_2024-03-04_15-47-59.png;Mario Souza;2;2;72,23132;-11,97457;40,74085
Screenshot_2024-03-04_15-47-59.png;Enzo Rian;0;2;27,17454;53,14033;77,10876
Screenshot_2024-03-04_15-47-59.png;Andrey Torquato;0;2;41,14838;65,62086;63,68096
Screenshot_2024-03-04_15-47-59.png;Gustavo Cardoso;1;2;76,34796;50,58768;66,95438
Screenshot_2024-03-04_15-48-02.png;Akira Sales;1;2;63,97541;73,87669;83,87798
Screenshot_2024-03-04_15-48-02.png;Max Cardoso;3;2;51,0405;4,848946;85,28172
Screenshot_2024-03-04_15-48-02.png;Carlos Rodrigues;1;2;75,07748;69,82546;15,03297
Screenshot_2024-03-04_15-48-02.png;Oddy Verstappen;1;2;64,15761;0,4942017;79,31406
Screenshot_2024-03-04_15-48-02.png;Matheus Gonçalves;0;2;74,06588;87,27893;40,12286
Screenshot_2024-03-04_15-48-02.png;Daniel Moreira;0;2;57,32124;58,14785;54,01878
Screenshot_2024-03-04_15-48-02.png;Oddy Cardoso;0;2;40,72312;23,92426;30,35717
Screenshot_2024-03-04_15-48-02.png;Jader Oliveira;0;2;37,45677;21,2984;12,10986
Screenshot_2024-03-04_15-48-02.png;Tifon Sainz;1;2;50,43639;56,43179;88,69125
Screenshot_2024-03-04_15-48-02.png;Akira Rodrigues;3;2;36,71719;14,99398;41,66135
Screenshot_2024-03-04_15-48-02.png;Alexandre Cardoso;1;2;26,53225;2,1134;77,68497
Screenshot_2024-03-04_15-48-02.png;Mario Souza;1;2;72,23132;-51,97457;40,74085
Screenshot_2024-03-04_15-48-02.png;Enzo Rian;0;2;27,17454;53,14033;77,10876
Screenshot_2024-03-04_15-48-02.png;Andrey Torquato;2;2;41,14838;65,62086;63,68096
Screenshot_2024-03-04_15-48-02.png;Gustavo Cardoso;1;2;76,34796;31,58768;66,95438
Screenshot_2024-03-04_15-48-05.png;Akira Sales;1;2;63,97541;74,87669;83,87798
Screenshot_2024-03-04_15-48-05.png;Max Cardoso;1;2;51,0405;4,848946;85,28172
Screenshot_2024-03-04_15-48-05.png;Carlos Rodrigues;0;2;75,07748;70,82546;15,03297
Screenshot_2024-03-04_15-48-05.png;Oddy Verstappen;1;2;64,15761;0,4942017;79,31406
Screenshot_2024-03-04_15-48-05.png;Matheus Gonçalves;5;2;74,06588;87,27893;40,12286
Screenshot_2024-03-04_15-48-05.png;Daniel Moreira;0;2;57,32124;59,14785;54,01878
Screenshot_2024-03-04_15-48-05.png;Oddy Cardoso;0;2;40,72312;23,92426;30,35717
Screenshot_2024-03-04_15-48-05.png;Jader Oliveira;0;2;37,45677;21,2984;12,10986
Screenshot_2024-03-04_15-48-05.png;Tifon Sainz;3;2;50,43639;56,43179;88,69125
Screenshot_2024-03-04_15-48-05.png;Akira Rodrigues;0;2;36,71719;14,99398;41,66135
Screenshot_2024-03-04_15-48-05.png;Alexandre Cardoso;7;2;26,53225;-17,8866;77,68497
Screenshot_2024-03-04_15-48-05.png;Mario Souza;1;2;72,23132;-51,97457;40,74085
Screenshot_2024-03-04_15-48-05.png;Enzo Rian;1;2;27,17454;33,14033;77,10876
Screenshot_2024-03-04_15-48-05.png;Andrey Torquato;1;2;41,14838;46,62086;63,68096
Screenshot_2024-03-04_15-48-05.png;Gustavo Cardoso;1;2;76,34796;31,58768;66,95438
Screenshot_2024-03-04_15-48-08.png;Akira Sales;1;2;63,97541;74,87669;83,87798
Screenshot_2024-03-04_15-48-08.png;Max Cardoso;1;2;51,0405;4,848946;85,28172
Screenshot_2024-03-04_15-48-08.png;Carlos Rodrigues;0;2;75,07748;70,82546;15,03297
Screenshot_2024-03-04_15-48-08.png;Oddy Verstappen;1;2;64,15761;2,494202;79,31406
Screenshot_2024-03-04_15-48-08.png;Matheus Gonçalves;0;2;74,06588;87,27893;40,12286
Screenshot_2024-03-04_15-48-08.png;Daniel Moreira;3;2;57,32124;59,14785;54,01878
Screenshot_2024-03-04_15-48-08.png;Oddy Cardoso;0;2;40,72312;23,92426;30,35717
Screenshot_2024-03-04_15-48-08.png;Jader Oliveira;0;2;37,45677;21,2984;12,10986
Screenshot_2024-03-04_15-48-08.png;Tifon Sainz;1;2;50,43639;58,43179;88,69125
Screenshot_2024-03-04_15-48-08.png;Akira Rodrigues;0;2;36,71719;14,99398;41,66135
Screenshot_2024-03-04_15-48-08.png;Alexandre Cardoso;7;2;26,53225;-15,8866;77,68497
Screenshot_2024-03-04_15-48-08.png;Mario Souza;1;2;72,23132;-50,97457;40,74085
Screenshot_2024-03-04_15-48-08.png;Enzo Rian;3;2;27,17454;34,14033;77,10876
Screenshot_2024-03-04_15-48-08.png;Andrey Torquato;0;2;41,14838;47,62086;63,68096
Screenshot_2024-03-04_15-48-08.png;Gustavo Cardoso;1;2;76,34796;11,58768;66,95438
Screenshot_2024-03-04_15-48-12.png;Akira Sales;1;2;63,97541;55,87669;83,87798
Screenshot_2024-03-04_15-48-12.png;Max Cardoso;7;2;51,0405;-14,15105;85,28172
Screenshot_2024-03-04_15-48-12.png;Carlos Rodrigues;0;2;75,07748;70,82546;15,03297
Screenshot_2024-03-04_15-48-12.png;Oddy Verstappen;7;2;64,15761;-16,5058;79,31406
Screenshot_2024-03-04_15-48-12.png;Matheus Gonçalves;0;2;74,06588;87,27893;40,12286
Screenshot_2024-03-04_15-48-12.png;Daniel Moreira;1;2;57,32124;39,14785;54,01878
Screenshot_2024-03-04_15-48-12.png;Oddy Cardoso;5;2;40,72312;23,92426;30,35717
Screenshot_2024-03-04_15-48-12.png;Jader Oliveira;5;2;37,45677;21,2984;12,10986
Screenshot_2024-03-04_15-48-12.png;Tifon Sainz;0;2;50,43639;58,43179;88,69125
Screenshot_2024-03-04_15-48-12.png;Akira Rodrigues;0;2;36,71719;14,99398;41,66135
Screenshot_2024-03-04_15-48-12.png;Alexandre Cardoso;7;2;26,53225;4,1134;77,68497
Screenshot_2024-03-04_15-48-12.png;Mario Souza;1;2;72,23132;-50,97457;40,74085
Screenshot_2024-03-04_15-48-12.png;Enzo Rian;1;2;27,17454;15,14033;77,10876
Screenshot_2024-03-04_15-48-12.png;Andrey Torquato;0;2;41,14838;48,62086;63,68096
Screenshot_2024-03-04_15-48-12.png;Gustavo Cardoso;1;2;76,34796;-7,412315;66,95438
Screenshot_2024-03-04_15-48-15.png;Levi Cardoso;2;0;71,8886;56,52293;1,170456
Screenshot_2024-03-04_15-48-15.png;Oddy Dantas;0;0;66,09235;78,77785;30,9698
Screenshot_2024-03-04_15-48-15.png;Noah Tavares;0;0;41,50272;43,88284;18,74269
Screenshot_2024-03-04_15-48-15.png;Noah Amorim;0;0;62,2429;44,30684;89,96272
Screenshot_2024-03-04_15-48-15.png;Arthur Lisboa;0;0;42,48298;36,42852;53,60511
Screenshot_2024-03-04_15-48-15.png;Enzo Xuint;3;0;57,29426;89,50016;56,5851
Screenshot_2024-03-04_15-48-15.png;Gabriel Louis;0;0;45,825;56,28873;86,44396
Screenshot_2024-03-04_15-48-15.png;Wyllgner Fernandes;0;0;33,21416;37,6582;47,33058
Screenshot_2024-03-04_15-48-15.png;Fernando Gojo;5;0;36,09327;73,10311;11,03989
Screenshot_2024-03-04_15-48-15.png;Samuel Marcos;0;0;63,42428;60,3055;85,46117
Screenshot_2024-03-04_15-48-15.png;Fernando Sales;0;0;45,03456;35,28941;45,82872
Screenshot_2024-03-04_15-48-15.png;Alexandre Dantas;0;0;60,07515;25,62251;42,42706
Screenshot_2024-03-04_15-48-15.png;Carlos Santos;3;0;71,88824;67,26593;35,19645
Screenshot_2024-03-04_15-48-15.png;Lucas Amorim;2;0;53,38255;71,21376;69,79012
Screenshot_2024-03-04_15-48-15.png;Satoru Reis;0;0;45,15606;52,42846;82,41427
Screenshot_2024-03-04_15-48-18.png;Levi Cardoso;3;0;71,8886;36,52293;1,170456
Screenshot_2024-03-04_15-48-18.png;Oddy Dantas;0;0;66,09235;78,77785;30,9698
Screenshot_2024-03-04_15-48-18.png;Noah Tavares;0;0;41,50272;43,88284;18,74269
Screenshot_2024-03-04_15-48-18.png;Noah Amorim;1;0;62,2429;4,306835;89,96272
Screenshot_2024-03-04_15-48-18.png;Arthur Lisboa;2;0;42,48298;17,42852;53,60511
Screenshot_2024-03-04_15-48-18.png;Enzo Xuint;1;0;57,29426;90,50016;56,5851
Screenshot_2024-03-04_15-48-18.png;Gabriel Louis;1;0;45,825;56,28873;86,44396
Screenshot_2024-03-04_15-48-18.png;Wyllgner Fernandes;3;0;33,21416;37,6582;47,33058
Screenshot_2024-03-04_15-48-18.png;Fernando Gojo;4;0;36,09327;74,10311;11,03989
Screenshot_2024-03-04_15-48-18.png;Samuel Marcos;1;0;63,42428;60,3055;85,46117
Screenshot_2024-03-04_15-48-18.png;Fernando Sales;3;0;45,03456;35,28941;45,82872
Screenshot_2024-03-04_15-48-18.png;Alexandre Dantas;0;0;60,07515;25,62251;42,42706
Screenshot_2024-03-04_15-48-18.png;Carlos Santos;0;0;71,88824;67,26593;35,19645
Screenshot_2024-03-04_15-48-18.png;Lucas Amorim;1;0;53,38255;51,21376;69,79012
Screenshot_2024-03-04_15-48-18.png;Satoru Reis;1;0;45,15606;32,42846;82,41427
Screenshot_2024-03-04_15-48-21.png;Levi Cardoso;3;0;71,8886;36,52293;1,170456
Screenshot_2024-03-04_15-48-21.png;Oddy Dantas;4;0;66,09235;78,77785;30,9698
Screenshot_2024-03-04_15-48-21.png;Noah Tavares;5;0;41,50272;63,88284;18,74269
Screenshot_2024-03-04_15-48-21.png;Noah Amorim;1;0;62,2429;5,306835;89,96272
Screenshot_2024-03-04_15-48-21.png;Arthur Lisboa;3;0;42,48298;17,42852;53,60511
Screenshot_2024-03-04_15-48-21.png;Enzo Xuint;3;0;57,29426;90,50016;56,5851
Screenshot_2024-03-04_15-48-21.png;Gabriel Louis;1;0;45,825;16,28873;86,44396
Screenshot_2024-03-04_15-48-21.png;Wyllgner Fernandes;1;0;33,21416;37,6582;47,33058
Screenshot_2024-03-04_15-48-21.png;Fernando Gojo;0;0;36,09327;74,10311;11,03989
Screenshot_2024-03-04_15-48-21.png;Samuel Marcos;1;0;63,42428;41,3055;85,46117
Screenshot_2024-03-04_15-48-21.png;Fernando Sales;1;0;45,03456;15,28941;45,82872
Screenshot_2024-03-04_15-48-21.png;Alexandre Dantas;0;0;60,07515;25,62251;42,42706
Screenshot_2024-03-04_15-48-21.png;Carlos Santos;5;0;71,88824;67,26593;35,19645
Screenshot_2024-03-04_15-48-21.png;Lucas Amorim;1;0;53,38255;31,21376;69,79012
Screenshot_2024-03-04_15-48-21.png;Satoru Reis;1;0;45,15606;32,42846;82,41427
Screenshot_2024-03-04_15-48-25.png;Levi Cardoso;2;0;71,8886;37,52293;1,170456
Screenshot_2024-03-04_15-48-25.png;Oddy Dantas;4;0;66,09235;80,77785;30,9698
Screenshot_2024-03-04_15-48-25.png;Noah Tavares;4;0;41,50272;64,88284;18,74269
Screenshot_2024-03-04_15-48-25.png;Noah Amorim;1;0;62,2429;6,306835;89,96272
Screenshot_2024-03-04_15-48-25.png;Arthur Lisboa;1;0;42,48298;18,42852;53,60511
Screenshot_2024-03-04_15-48-25.png;Enzo Xuint;1;0;57,29426;90,50016;56,5851
Screenshot_2024-03-04_15-48-25.png;Gabriel Louis;1;0;45,825;17,28873;86,44396
Screenshot_2024-03-04_15-48-25.png;Wyllgner Fernandes;1;0;33,21416;38,6582;47,33058
Screenshot_2024-03-04_15-48-25.png;Fernando Gojo;0;0;36,09327;74,10311;11,03989
Screenshot_2024-03-04_15-48-25.png;Samuel Marcos;1;0;63,42428;42,3055;85,46117
Screenshot_2024-03-04_15-48-25.png;Fernando Sales;1;0;45,03456;16,28941;45,82872
Screenshot_2024-03-04_15-48-25.png;Alexandre Dantas;0;0;60,07515;25,62251;42,42706
Screenshot_2024-03-04_15-48-25.png;Carlos Santos;0;0;71,88824;67,26593;35,19645
Screenshot_2024-03-04_15-48-25.png;Lucas Amorim;1;0;53,38255;32,21376;69,79012
Screenshot_2024-03-04_15-48-25.png;Satoru Reis;1;0;45,15606;-7,571541;82,41427
Screenshot_2024-03-04_15-48-28.png;Levi Cardoso;0;1;71,8886;37,52293;35,64705
Screenshot_2024-03-04_15-48-28.png;Oddy Dantas;4;1;66,09235;80,77785;21,3722
Screenshot_2024-03-04_15-48-28.png;Noah Tavares;0;1;41,50272;64,88284;81,24223
Screenshot_2024-03-04_15-48-28.png;Noah Amorim;1;1;62,2429;7,306835;86,04063
Screenshot_2024-03-04_15-48-28.png;Arthur Lisboa;3;1;42,48298;-1,57148;36,21884
Screenshot_2024-03-04_15-48-28.png;Enzo Xuint;1;1;57,29426;50,50016;17,666
Screenshot_2024-03-04_15-48-28.png;Gabriel Louis;1;1;45,825;18,28873;46,1433
Screenshot_2024-03-04_15-48-28.png;Wyllgner Fernandes;1;1;33,21416;-1,341797;39,44248
Screenshot_2024-03-04_15-48-28.png;Fernando Gojo;0;1;36,09327;74,10311;16,69544
Screenshot_2024-03-04_15-48-28.png;Samuel Marcos;1;1;63,42428;22,3055;80,8787
Screenshot_2024-03-04_15-48-28.png;Fernando Sales;1;1;45,03456;-23,71059;81,82322
Screenshot_2024-03-04_15-48-28.png;Alexandre Dantas;5;1;60,07515;45,62251;39,44564
Screenshot_2024-03-04_15-48-28.png;Carlos Santos;0;1;71,88824;67,26593;59,4825
Screenshot_2024-03-04_15-48-28.png;Lucas Amorim;1;1;53,38255;33,21376;30,13268
Screenshot_2024-03-04_15-48-28.png;Satoru Reis;1;1;45,15606;-5,571541;79,21197
Screenshot_2024-03-04_15-48-31.png;Levi Cardoso;2;2;71,8886;17,52293;15,72757
Screenshot_2024-03-04_15-48-31.png;Oddy Dantas;0;2;66,09235;80,77785;17,5385
Screenshot_2024-03-04_15-48-31.png;Noah Tavares;0;2;41,50272;64,88284;24,72898
Screenshot_2024-03-04_15-48-31.png;Noah Amorim;3;2;62,2429;7,306835;86,12991
Screenshot_2024-03-04_15-48-31.png;Arthur Lisboa;0;2;42,48298;-1,57148;62,74721
Screenshot_2024-03-04_15-48-31.png;Enzo Xuint;0;2;57,29426;50,50016;57,41254
Screenshot_2024-03-04_15-48-31.png;Gabriel Louis;0;2;45,825;18,28873;87,3378
Screenshot_2024-03-04_15-48-31.png;Wyllgner Fernandes;4;2;33,21416;18,6582;33,5269
Screenshot_2024-03-04_15-48-31.png;Fernando Gojo;0;2;36,09327;74,10311;65,36117
Screenshot_2024-03-04_15-48-31.png;Samuel Marcos;2;2;63,42428;2,3055;47,83763
Screenshot_2024-03-04_15-48-31.png;Fernando Sales;0;2;45,03456;-23,71059;15,01637
Screenshot_2024-03-04_15-48-31.png;Alexandre Dantas;0;2;60,07515;45,62251;23,36825
Screenshot_2024-03-04_15-48-31.png;Carlos Santos;1;2;71,88824;48,26593;76,53175
Screenshot_2024-03-04_15-48-31.png;Lucas Amorim;0;2;53,38255;33,21376;34,48005
Screenshot_2024-03-04_15-48-31.png;Satoru Reis;0;2;45,15606;-5,571541;35,639
Screenshot_2024-03-04_15-48-34.png;Levi Cardoso;3;2;71,8886;17,52293;15,72757
Screenshot_2024-03-04_15-48-34.png;Oddy Dantas;0;2;66,09235;80,77785;17,5385
Screenshot_2024-03-04_15-48-34.png;Noah Tavares;6;2;41,50272;64,88284;24,72898
Screenshot_2024-03-04_15-48-34.png;Noah Amorim;1;2;62,2429;7,306835;86,12991
Screenshot_2024-03-04_15-48-34.png;Arthur Lisboa;3;2;42,48298;-1,57148;62,74721
Screenshot_2024-03-04_15-48-34.png;Enzo Xuint;1;2;57,29426;51,50016;57,41254
Screenshot_2024-03-04_15-48-34.png;Gabriel Louis;0;2;45,825;18,28873;87,3378
Screenshot_2024-03-04_15-48-34.png;Wyllgner Fernandes;8;2;33,21416;18,6582;33,5269
Screenshot_2024-03-04_15-48-34.png;Fernando Gojo;2;2;36,09327;54,10311;65,36117
Screenshot_2024-03-04_15-48-34.png;Samuel Marcos;2;2;63,42428;4,3055;47,83763
Screenshot_2024-03-04_15-48-34.png;Fernando Sales;0;2;45,03456;-23,71059;15,01637
Screenshot_2024-03-04_15-48-34.png;Alexandre Dantas;0;2;60,07515;45,62251;23,36825
Screenshot_2024-03-04_15-48-34.png;Carlos Santos;3;2;71,88824;48,26593;76,53175
Screenshot_2024-03-04_15-48-34.png;Lucas Amorim;0;2;53,38255;33,21376;34,48005
Screenshot_2024-03-04_15-48-34.png;Satoru Reis;0;2;45,15606;-5,571541;35,639
Screenshot_2024-03-04_15-48-37.png;Levi Cardoso;3;2;71,8886;17,52293;15,72757
Screenshot_2024-03-04_15-48-37.png;Oddy Dantas;5;2;66,09235;80,77785;17,5385
Screenshot_2024-03-04_15-48-37.png;Noah Tavares;8;2;41,50272;64,88284;24,72898
Screenshot_2024-03-04_15-48-37.png;Noah Amorim;7;2;62,2429;-12,69316;86,12991
Screenshot_2024-03-04_15-48-37.png;Arthur Lisboa;1;2;42,48298;-0,5714798;62,74721
Screenshot_2024-03-04_15-48-37.png;Enzo Xuint;1;2;57,29426;52,50016;57,41254
Screenshot_2024-03-04_15-48-37.png;Gabriel Louis;1;2;45,825;19,28873;87,3378
Screenshot_2024-03-04_15-48-37.png;Wyllgner Fernandes;8;2;33,21416;18,6582;33,5269
Screenshot_2024-03-04_15-48-37.png;Fernando Gojo;0;2;36,09327;55,10311;65,36117
Screenshot_2024-03-04_15-48-37.png;Samuel Marcos;0;2;63,42428;4,3055;47,83763
Screenshot_2024-03-04_15-48-37.png;Fernando Sales;0;2;45,03456;-23,71059;15,01637
Screenshot_2024-03-04_15-48-37.png;Alexandre Dantas;0;2;60,07515;45,62251;23,36825
Screenshot_2024-03-04_15-48-37.png;Carlos Santos;1;2;71,88824;49,26593;76,53175
Screenshot_2024-03-04_15-48-37.png;Lucas Amorim;0;2;53,38255;33,21376;34,48005
Screenshot_2024-03-04_15-48-37.png;Satoru Reis;0;2;45,15606;-5,571541;35,639
Screenshot_2024-03-04_15-48-40.png;Arthur Leclerc;0;0;53,36817;52,8596;16,21589
Screenshot_2024-03-04_15-48-40.png;Max Moreira;2;0;50,25488;58,95497;83,28387
Screenshot_2024-03-04_15-48-40.png;Levi Sales;0;0;68,70964;63,61272;21,07528
Screenshot_2024-03-04_15-48-40.png;Enzo Marcos;0;0;57,70108;25,31502;42,57951
Screenshot_2024-03-04_15-48-40.png;Gabriel Amorim;1;0;77,83329;48,01077;82,55386
Screenshot_2024-03-04_15-48-40.png;Gabriel Rian;0;0;59,23338;62,82116;27,35781
Screenshot_2024-03-04_15-48-40.png;Levi Verstappen;0;0;33,71301;74,73888;86,71527
Screenshot_2024-03-04_15-48-40.png;Bernado Sainz;2;0;65,50655;22,45561;83,66829
Screenshot_2024-03-04_15-48-40.png;João Sainz;3;0;64,07625;22,85536;11,3055
Screenshot_2024-03-04_15-48-40.png;Samih Moreira;0;0;34,43237;82,55291;65,18555
Screenshot_2024-03-04_15-48-40.png;Jader Marcos;1;0;72,97085;83,22076;85,64063
Screenshot_2024-03-04_15-48-40.png;Gustavo Souza;3;0;63,26435;66,09184;90,37611
Screenshot_2024-03-04_15-48-40.png;Daniel Sales;0;0;48,07701;73,65346;90,94537
Screenshot_2024-03-04_15-48-40.png;Akira Gojo;0;0;46,81219;84,94934;42,13068
Screenshot_2024-03-04_15-48-40.png;Jader Oliveira;0;0;59,43923;27,15192;86,12595
Screenshot_2024-03-04_15-48-43.png;Arthur Leclerc;0;0;53,36817;52,8596;16,21589
Screenshot_2024-03-04_15-48-43.png;Max Moreira;0;0;50,25488;58,95497;83,28387
Screenshot_2024-03-04_15-48-43.png;Levi Sales;0;0;68,70964;63,61272;21,07528
Screenshot_2024-03-04_15-48-43.png;Enzo Marcos;0;0;57,70108;25,31502;42,57951
Screenshot_2024-03-04_15-48-43.png;Gabriel Amorim;1;0;77,83329;8,010769;82,55386
Screenshot_2024-03-04_15-48-43.png;Gabriel Rian;0;0;59,23338;62,82116;27,35781
Screenshot_2024-03-04_15-48-43.png;Levi Verstappen;3;0;33,71301;74,73888;86,71527
Screenshot_2024-03-04_15-48-43.png;Bernado Sainz;1;0;65,50655;3,455606;83,66829
Screenshot_2024-03-04_15-48-43.png;João Sainz;3;0;64,07625;22,85536;11,3055
Screenshot_2024-03-04_15-48-43.png;Samih Moreira;0;0;34,43237;82,55291;65,18555
Screenshot_2024-03-04_15-48-43.png;Jader Marcos;1;0;72,97085;84,22076;85,64063
Screenshot_2024-03-04_15-48-43.png;Gustavo Souza;1;0;63,26435;46,09184;90,37611
Screenshot_2024-03-04_15-48-43.png;Daniel Sales;3;0;48,07701;53,65346;90,94537
Screenshot_2024-03-04_15-48-43.png;Akira Gojo;4;0;46,81219;104,9493;42,13068
Screenshot_2024-03-04_15-48-43.png;Jader Oliveira;1;0;59,43923;28,15192;86,12595
Screenshot_2024-03-04_15-48-46.png;Arthur Leclerc;0;0;53,36817;52,8596;16,21589
Screenshot_2024-03-04_15-48-46.png;Max Moreira;0;0;50,25488;59,95497;83,28387
Screenshot_2024-03-04_15-48-46.png;Levi Sales;0;0;68,70964;63,61272;21,07528
Screenshot_2024-03-04_15-48-46.png;Enzo Marcos;0;0;57,70108;25,31502;42,57951
Screenshot_2024-03-04_15-48-46.png;Gabriel Amorim;2;0;77,83329;9,010769;82,55386
Screenshot_2024-03-04_15-48-46.png;Gabriel Rian;5;0;59,23338;62,82116;27,35781
Screenshot_2024-03-04_15-48-46.png;Levi Verstappen;1;0;33,71301;54,73888;86,71527
Screenshot_2024-03-04_15-48-46.png;Bernado Sainz;1;0;65,50655;4,455606;83,66829
Screenshot_2024-03-04_15-48-46.png;João Sainz;0;0;64,07625;22,85536;11,3055
Screenshot_2024-03-04_15-48-46.png;Samih Moreira;1;0;34,43237;83,55291;65,18555
Screenshot_2024-03-04_15-48-46.png;Jader Marcos;1;0;72,97085;64,22076;85,64063
Screenshot_2024-03-04_15-48-46.png;Gustavo Souza;1;0;63,26435;46,09184;90,37611
Screenshot_2024-03-04_15-48-46.png;Daniel Sales;1;0;48,07701;13,65346;90,94537
Screenshot_2024-03-04_15-48-46.png;Akira Gojo;7;0;46,81219;105,9493;42,13068
Screenshot_2024-03-04_15-48-46.png;Jader Oliveira;2;0;59,43923;8,151917;86,12595
Screenshot_2024-03-04_15-48-49.png;Arthur Leclerc;6;0;53,36817;52,8596;16,21589
Screenshot_2024-03-04_15-48-49.png;Max Moreira;2;0;50,25488;59,95497;83,28387
Screenshot_2024-03-04_15-48-49.png;Levi Sales;4;0;68,70964;63,61272;21,07528
Screenshot_2024-03-04_15-48-49.png;Enzo Marcos;0;0;57,70108;25,31502;42,57951
Screenshot_2024-03-04_15-48-49.png;Gabriel Amorim;7;0;77,83329;-9,989231;82,55386
Screenshot_2024-03-04_15-48-49.png;Gabriel Rian;4;0;59,23338;62,82116;27,35781
Screenshot_2024-03-04_15-48-49.png;Levi Verstappen;1;0;33,71301;14,73888;86,71527
Screenshot_2024-03-04_15-48-49.png;Bernado Sainz;7;0;65,50655;-14,54439;83,66829
Screenshot_2024-03-04_15-48-49.png;João Sainz;0;0;64,07625;22,85536;11,3055
Screenshot_2024-03-04_15-48-49.png;Samih Moreira;3;0;34,43237;63,55291;65,18555
Screenshot_2024-03-04_15-48-49.png;Jader Marcos;1;0;72,97085;44,22076;85,64063
Screenshot_2024-03-04_15-48-49.png;Gustavo Souza;1;0;63,26435;48,09184;90,37611
Screenshot_2024-03-04_15-48-49.png;Daniel Sales;1;0;48,07701;13,65346;90,94537
Screenshot_2024-03-04_15-48-49.png;Akira Gojo;7;0;46,81219;125,9493;42,13068
Screenshot_2024-03-04_15-48-49.png;Jader Oliveira;7;0;59,43923;8,151917;86,12595
Screenshot_2024-03-04_15-48-52.png;Arthur Leclerc;5;0;53,36817;52,8596;16,21589
Screenshot_2024-03-04_15-48-52.png;Max Moreira;1;0;50,25488;40,95497;83,28387
Screenshot_2024-03-04_15-48-52.png;Levi Sales;8;0;68,70964;83,61272;21,07528
Screenshot_2024-03-04_15-48-52.png;Enzo Marcos;6;0;57,70108;25,31502;42,57951
Screenshot_2024-03-04_15-48-52.png;Gabriel Amorim;7;0;77,83329;10,01077;82,55386
Screenshot_2024-03-04_15-48-52.png;Gabriel Rian;8;0;59,23338;82,82116;27,35781
Screenshot_2024-03-04_15-48-52.png;Levi Verstappen;1;0;33,71301;-5,261124;86,71527
Screenshot_2024-03-04_15-48-52.png;Bernado Sainz;7;0;65,50655;-13,54439;83,66829
Screenshot_2024-03-04_15-48-52.png;João Sainz;0;0;64,07625;22,85536;11,3055
Screenshot_2024-03-04_15-48-52.png;Samih Moreira;1;0;34,43237;64,55291;65,18555
Screenshot_2024-03-04_15-48-52.png;Jader Marcos;1;0;72,97085;24,22076;85,64063
Screenshot_2024-03-04_15-48-52.png;Gustavo Souza;1;0;63,26435;29,09184;90,37611
Screenshot_2024-03-04_15-48-52.png;Daniel Sales;1;0;48,07701;-5,346542;90,94537
Screenshot_2024-03-04_15-48-52.png;Akira Gojo;8;0;46,81219;145,9493;42,13068
Screenshot_2024-03-04_15-48-52.png;Jader Oliveira;7;0;59,43923;9,151917;86,12595
Screenshot_2024-03-04_15-48-55.png;Arthur Leclerc;8;0;53,36817;52,8596;16,21589
Screenshot_2024-03-04_15-48-55.png;Max Moreira;0;0;50,25488;41,95497;83,28387
Screenshot_2024-03-04_15-48-55.png;Levi Sales;7;0;68,70964;104,6127;21,07528
Screenshot_2024-03-04_15-48-55.png;Enzo Marcos;8;0;57,70108;25,31502;42,57951
Screenshot_2024-03-04_15-48-55.png;Gabriel Amorim;7;0;77,83329;30,01077;82,55386
Screenshot_2024-03-04_15-48-55.png;Gabriel Rian;7;0;59,23338;83,82116;27,35781
Screenshot_2024-03-04_15-48-55.png;Levi Verstappen;7;0;33,71301;-5,261124;86,71527
Screenshot_2024-03-04_15-48-55.png;Bernado Sainz;7;0;65,50655;7,455606;83,66829
Screenshot_2024-03-04_15-48-55.png;João Sainz;0;0;64,07625;22,85536;11,3055
Screenshot_2024-03-04_15-48-55.png;Samih Moreira;2;0;34,43237;66,55291;65,18555
Screenshot_2024-03-04_15-48-55.png;Jader Marcos;1;0;72,97085;5,220764;85,64063
Screenshot_2024-03-04_15-48-55.png;Gustavo Souza;1;0;63,26435;30,09184;90,37611
Screenshot_2024-03-04_15-48-55.png;Daniel Sales;1;0;48,07701;-4,346542;90,94537
Screenshot_2024-03-04_15-48-55.png;Akira Gojo;7;0;46,81219;165,9493;42,13068
Screenshot_2024-03-04_15-48-55.png;Jader Oliveira;7;0;59,43923;29,15192;86,12595
Screenshot_2024-03-04_15-48-58.png;Arthur Leclerc;5;1;53,36817;52,8596;39,34565
Screenshot_2024-03-04_15-48-58.png;Max Moreira;2;1;50,25488;42,95497;81,73919
Screenshot_2024-03-04_15-48-58.png;Levi Sales;7;1;68,70964;124,6127;43,30957
Screenshot_2024-03-04_15-48-58.png;Enzo Marcos;6;1;57,70108;25,31502;66,01563
Screenshot_2024-03-04_15-48-58.png;Gabriel Amorim;7;1;77,83329;31,01077;43,61839
Screenshot_2024-03-04_15-48-58.png;Gabriel Rian;7;1;59,23338;84,82116;80,22532
Screenshot_2024-03-04_15-48-58.png;Levi Verstappen;7;1;33,71301;-4,261124;11,06687
Screenshot_2024-03-04_15-48-58.png;Bernado Sainz;7;1;65,50655;27,45561;28,55618
Screenshot_2024-03-04_15-48-58.png;João Sainz;0;1;64,07625;22,85536;21,34375
Screenshot_2024-03-04_15-48-58.png;Samih Moreira;0;1;34,43237;66,55291;66,6328
Screenshot_2024-03-04_15-48-58.png;Jader Marcos;1;1;72,97085;-13,77924;75,53934
Screenshot_2024-03-04_15-48-58.png;Gustavo Souza;1;1;63,26435;11,09184;19,41605
Screenshot_2024-03-04_15-48-58.png;Daniel Sales;1;1;48,07701;-3,346542;49,77136
Screenshot_2024-03-04_15-48-58.png;Akira Gojo;8;1;46,81219;185,9493;87,83215
Screenshot_2024-03-04_15-48-58.png;Jader Oliveira;7;1;59,43923;49,15192;48,00452
Screenshot_2024-03-04_15-49-01.png;Arthur Leclerc;2;2;53,36817;32,8596;85,66531
Screenshot_2024-03-04_15-49-01.png;Max Moreira;0;2;50,25488;42,95497;82,34576
Screenshot_2024-03-04_15-49-01.png;Levi Sales;3;2;68,70964;124,6127;41,21434
Screenshot_2024-03-04_15-49-01.png;Enzo Marcos;3;2;57,70108;25,31502;74,89152
Screenshot_2024-03-04_15-49-01.png;Gabriel Amorim;3;2;77,83329;31,01077;21,92632
Screenshot_2024-03-04_15-49-01.png;Gabriel Rian;3;2;59,23338;84,82116;80,50445
Screenshot_2024-03-04_15-49-01.png;Levi Verstappen;6;2;33,71301;-4,261124;65,47208
Screenshot_2024-03-04_15-49-01.png;Bernado Sainz;3;2;65,50655;27,45561;64,96839
Screenshot_2024-03-04_15-49-01.png;João Sainz;0;2;64,07625;22,85536;51,17697
Screenshot_2024-03-04_15-49-01.png;Samih Moreira;5;2;34,43237;66,55291;36,37858
Screenshot_2024-03-04_15-49-01.png;Jader Marcos;1;2;72,97085;-13,77924;86,28458
Screenshot_2024-03-04_15-49-01.png;Gustavo Souza;2;2;63,26435;-7,908165;30,72597
Screenshot_2024-03-04_15-49-01.png;Daniel Sales;0;2;48,07701;-3,346542;48,7587
Screenshot_2024-03-04_15-49-01.png;Akira Gojo;0;2;46,81219;185,9493;27,13676
Screenshot_2024-03-04_15-49-01.png;Jader Oliveira;3;2;59,43923;49,15192;61,3311
Screenshot_2024-03-04_15-49-04.png;Caio Rian;0;0;69,51113;22,95817;41,67421
Screenshot_2024-03-04_15-49-04.png;Thales Gonçalves;0;0;25,50296;72,53223;47,96924
Screenshot_2024-03-04_15-49-04.png;Samuel Sainz;3;0;70,52885;83,70927;31,15366
Screenshot_2024-03-04_15-49-04.png;Samuel Riça;6;0;32,41796;28,17154;0,06860495
Screenshot_2024-03-04_15-49-04.png;Tifon Amorim;0;0;41,91189;77,79851;61,9957
Screenshot_2024-03-04_15-49-04.png;Gustavo Rian;2;0;71,04628;45,06612;35,64862
Screenshot_2024-03-04_15-49-04.png;Arthur Moreira;0;0;43,70927;63,86255;63,97365
Screenshot_2024-03-04_15-49-04.png;Carlos Amorim;0;0;31,98521;61,80429;71,0173
Screenshot_2024-03-04_15-49-04.png;Carlos Xuint;0;0;60,60969;41,77142;31,23507
Screenshot_2024-03-04_15-49-04.png;Raian Leclerc;3;0;66,81352;60,79853;83,29949
Screenshot_2024-03-04_15-49-04.png;Gabriel Dantas;0;0;49,53257;53,11794;60,86446
Screenshot_2024-03-04_15-49-04.png;Charles Rian;0;0;54,67818;22,45799;44,64799
Screenshot_2024-03-04_15-49-04.png;Oddy Tavares;0;0;45,80545;55,68617;64,42992
Screenshot_2024-03-04_15-49-04.png;Matheus Louis;1;0;76,58753;55,65157;93,81921
Screenshot_2024-03-04_15-49-04.png;Charles Louis;0;0;46,15939;72,79042;51,16926
Screenshot_2024-03-04_15-49-07.png;Caio Rian;0;0;69,51113;22,95817;41,67421
Screenshot_2024-03-04_15-49-07.png;Thales Gonçalves;0;0;25,50296;72,53223;47,96924
Screenshot_2024-03-04_15-49-07.png;Samuel Sainz;0;0;70,52885;83,70927;31,15366
Screenshot_2024-03-04_15-49-07.png;Samuel Riça;4;0;32,41796;28,17154;0,06860495
Screenshot_2024-03-04_15-49-07.png;Tifon Amorim;3;0;41,91189;77,79851;61,9957
Screenshot_2024-03-04_15-49-07.png;Gustavo Rian;0;0;71,04628;45,06612;35,64862
Screenshot_2024-03-04_15-49-07.png;Arthur Moreira;0;0;43,70927;63,86255;63,97365
Screenshot_2024-03-04_15-49-07.png;Carlos Amorim;0;0;31,98521;61,80429;71,0173
Screenshot_2024-03-04_15-49-07.png;Carlos Xuint;0;0;60,60969;41,77142;31,23507
Screenshot_2024-03-04_15-49-07.png;Raian Leclerc;2;0;66,81352;62,79853;83,29949
Screenshot_2024-03-04_15-49-07.png;Gabriel Dantas;0;0;49,53257;54,11794;60,86446
Screenshot_2024-03-04_15-49-07.png;Charles Rian;0;0;54,67818;22,45799;44,64799
Screenshot_2024-03-04_15-49-07.png;Oddy Tavares;3;0;45,80545;55,68617;64,42992
Screenshot_2024-03-04_15-49-07.png;Matheus Louis;1;0;76,58753;55,65157;93,81921
Screenshot_2024-03-04_15-49-07.png;Charles Louis;2;0;46,15939;52,79042;51,16926
